time,feed_rate,classifier_speed,tension_pressure,mill_fan_speed,main_drive_speed,recirculation_damper_position,stack_damper_position,hotgas_generator_load,total_specific_energy,tonnage,roller_height_1,roller_height_2,roller_height_3,roller_height_4,roller_temperature
1970-11-27 17:53:20.002,20.07013320922852,80.0,149.83724212646484,77.95454406738281,82.4000015258789,61.23046875,99.94574737548828,16.641944885253906,38.714056980593064,41251.0,25.159149169921875,22.68402099609375,14.74188232421875,20.48089599609375,41.55000114440918
1970-11-27 17:53:20.991,20.06485366821289,80.06024169921875,149.29199981689453,78.03030395507812,82.4000015258789,61.23046875,99.94574737548828,16.63367462158203,39.939347962434894,41251.0,25.21356201171875,22.33042907714844,20.2633056640625,19.692123413085938,41.55000114440918
1970-11-27 17:53:21.995,20.06485366821289,80.06024169921875,149.29199981689453,78.03030395507812,82.4000015258789,61.23046875,99.94574737548828,16.63367462158203,39.939347962434894,41251.0,25.21356201171875,22.33042907714844,20.2633056640625,19.692123413085938,41.55000114440918
1970-11-27 17:53:22.994,20.082136154174805,80.0,151.07421875,78.03030395507812,81.80000305175781,61.23046875,99.94574737548828,16.634248733520508,40.281201232084534,41251.0,25.8663330078125,23.282394409179688,20.3992919921875,19.909713745117188,41.55000114440918
1970-11-27 17:53:23.992,20.11501884460449,79.93975830078125,150.93587493896484,78.03030395507812,82.0999984741211,61.23046875,99.94574737548828,16.629568099975586,39.92119760710704,41251.0,29.782989501953125,23.826385498046875,21.46005249023437,19.637725830078125,41.55000114440918
1970-11-27 17:53:24.994,20.11501884460449,79.93975830078125,150.93587493896484,78.03030395507812,82.0999984741211,61.23046875,99.94574737548828,16.629568099975586,39.92119760710704,41251.0,29.782989501953125,23.826385498046875,21.46005249023437,19.637725830078125,41.55000114440918
1970-11-27 17:53:25.992,20.08709144592285,80.0,149.84537506103516,77.95454406738281,82.0,61.23046875,99.94574737548828,16.599424362182617,40.30710319148764,41251.0,29.15740966796875,22.30322265625,20.671295166015625,23.06480407714844,41.55000114440918
1970-11-27 17:53:26.993,19.99477195739746,80.0,149.1862030029297,78.03030395507812,82.5,61.23046875,99.94574737548828,16.595003128051758,38.966487898190394,41251.0,29.29341125488281,20.453689575195312,19.74652099609375,22.901611328125,41.55000114440918
1970-11-27 17:53:27.990,19.99477195739746,80.0,149.1862030029297,78.03030395507812,82.5,61.23046875,99.94574737548828,16.595003128051758,38.966487898190394,41251.0,29.29341125488281,20.453689575195312,19.74652099609375,22.901611328125,41.55000114440918
1970-11-27 17:53:29.001,19.976083755493164,80.0,149.4221954345703,77.95454406738281,81.69999694824219,61.23046875,99.94574737548828,16.56377601623535,41.652221794995064,41251.0,26.46470642089844,21.160858154296875,20.48089599609375,22.112838745117188,41.55000114440918
1970-11-27 17:53:29.991,19.97064971923828,80.0,149.83724212646484,78.03030395507812,82.0,61.23046875,99.94574737548828,16.53346824645996,39.97842922868452,41251.0,26.46470642089844,20.83447265625,21.895248413085938,21.8680419921875,41.55000114440918
1970-11-27 17:53:31.002,19.97064971923828,80.0,149.83724212646484,78.03030395507812,82.0,61.23046875,99.94574737548828,16.53346824645996,39.97842922868452,41251.0,26.46470642089844,20.83447265625,21.895248413085938,21.8680419921875,41.55000114440918
1970-11-27 17:53:31.990,19.991436004638672,79.93975830078125,149.86978912353516,78.03030395507812,81.5,61.23046875,99.94574737548828,16.51637077331543,41.35280791354483,41251.0,24.642364501953125,21.48725891113281,18.032989501953125,19.692123413085938,41.55000114440918
1970-11-27 17:53:33.993,20.019126892089844,79.93975830078125,150.1708984375,77.95454406738281,82.0,61.23046875,99.94574737548828,16.484695434570312,38.14953512780556,41251.0,26.301513671875,19.6649169921875,19.501739501953125,18.1961669921875,41.55000114440918
1970-11-27 17:53:33.000,20.019126892089844,79.93975830078125,150.1708984375,77.95454406738281,82.0,61.23046875,99.94574737548828,16.484695434570312,38.14953512780556,41251.0,26.301513671875,19.6649169921875,19.501739501953125,18.1961669921875,41.55000114440918
1970-11-27 17:53:34.992,19.964460372924805,80.0,150.13834381103516,78.03030395507812,82.0,61.23046875,99.94574737548828,16.444944381713867,37.748072035430546,41251.0,26.08392333984375,29.619781494140625,20.72567749023437,22.95600891113281,41.55000114440918
1970-11-27 17:53:35.992,19.92453956604004,80.0,150.4638671875,78.03030395507812,82.80000305175781,61.23046875,99.94574737548828,16.418935775756836,39.52454285516538,41251.0,30.952545166015625,22.112838745117188,23.826385498046875,19.909713745117188,41.55000114440918
1970-11-27 17:53:36.993,19.92453956604004,80.0,150.4638671875,78.03030395507812,82.80000305175781,61.23046875,99.94574737548828,16.418935775756836,39.52454285516538,41251.0,30.952545166015625,22.112838745117188,23.826385498046875,19.909713745117188,41.55000114440918
1970-11-27 17:53:37.992,19.93244171142578,80.0,150.67545318603516,77.95454406738281,82.80000305175781,61.23046875,99.94574737548828,16.375680923461914,39.53160356505147,41251.0,32.802093505859375,23.79917907714844,24.96875,25.75750732421875,41.55000114440918
1970-11-27 17:53:38.993,19.946622848510746,80.0,150.37435150146484,78.03030395507812,82.9000015258789,61.23046875,99.94574737548828,16.33145523071289,38.847113941541096,41251.0,29.89178466796875,22.79281616210937,22.98321533203125,26.111114501953125,41.55000114440918
1970-11-27 17:53:39.994,19.946622848510746,80.0,150.37435150146484,78.03030395507812,82.9000015258789,61.23046875,99.94574737548828,16.33145523071289,38.847113941541096,41251.0,29.89178466796875,22.79281616210937,22.98321533203125,26.111114501953125,41.55000114440918
1970-11-27 17:53:40.990,19.99370574951172,79.93975830078125,151.25325775146484,77.95454406738281,82.0,61.23046875,99.94574737548828,16.302806854248047,41.052382265231635,41251.0,30.59896850585937,23.092010498046875,22.4664306640625,22.92880249023437,41.55000114440918
1970-11-27 17:53:41.994,19.999032974243164,80.0,149.65006256103516,78.03030395507812,81.4000015258789,61.23046875,99.94574737548828,16.25336265563965,39.367695467148,41251.0,26.08392333984375,21.1336669921875,19.12094116210937,23.635986328125,41.55000114440918
1970-11-27 17:53:43.001,19.999032974243164,80.0,149.65006256103516,78.03030395507812,81.4000015258789,61.23046875,99.94574737548828,16.25336265563965,39.367695467148,41251.0,26.08392333984375,21.1336669921875,19.12094116210937,23.635986328125,41.55000114440918
1970-11-27 17:53:44.004,19.943403244018555,80.0,149.52799224853516,78.03030395507812,81.5,61.23046875,99.94574737548828,16.190567016601562,39.199971461599354,41251.0,26.627899169921875,25.050338745117188,20.04571533203125,24.96875,41.55000114440918
1970-11-27 17:53:44.992,19.949975967407227,79.93975830078125,149.4303436279297,78.03030395507812,82.0999984741211,61.23046875,99.94574737548828,16.15816307067871,39.63315522786725,41251.0,26.763900756835938,22.30322265625,20.45370483398437,22.357635498046875,41.55000114440918
1970-11-27 17:53:46.005,19.949975967407227,79.93975830078125,149.4303436279297,78.03030395507812,82.0999984741211,61.23046875,99.94574737548828,16.15816307067871,39.63315522786725,41251.0,26.763900756835938,22.30322265625,20.45370483398437,22.357635498046875,41.55000114440918
1970-11-27 17:53:46.990,19.97547721862793,80.0,150.50455474853516,77.95454406738281,82.30000305175781,61.23046875,99.94574737548828,16.11172866821289,37.98742898697716,41251.0,26.95428466796875,25.104736328125,20.807281494140625,20.3992919921875,41.55000114440918
1970-11-27 17:53:47.991,20.07047462463379,80.06024169921875,149.77212524414062,78.03030395507812,82.9000015258789,61.23046875,99.94574737548828,16.04798126220703,36.89949679307866,41251.0,29.45660400390625,25.947906494140625,24.615142822265625,23.28240966796875,41.55000114440918
1970-11-27 17:53:49.003,20.07047462463379,80.06024169921875,149.77212524414062,78.03030395507812,82.9000015258789,61.23046875,99.94574737548828,16.04798126220703,36.89949679307866,41251.0,29.45660400390625,25.947906494140625,24.615142822265625,23.28240966796875,41.55000114440918
1970-11-27 17:53:49.993,20.12665367126465,79.93975830078125,150.7161407470703,78.03030395507812,81.80000305175781,61.23046875,99.94574737548828,16.023204803466797,39.79893875786414,41251.0,27.770263671875,26.328689575195312,22.73841857910156,25.458328247070312,41.55000114440918
1970-11-27 17:53:50.991,20.081729888916016,79.93975830078125,151.2613983154297,78.03030395507812,81.9000015258789,61.23046875,99.94574737548828,15.974332809448242,40.4088635631864,41251.0,30.2725830078125,25.5399169921875,24.696746826171875,26.32870483398437,41.55000114440918
1970-11-27 17:53:51.990,20.081729888916016,79.93975830078125,151.2613983154297,78.03030395507812,81.9000015258789,61.23046875,99.94574737548828,15.974332809448242,40.4088635631864,41251.0,30.2725830078125,25.5399169921875,24.696746826171875,26.32870483398437,41.55000114440918
1970-11-27 17:53:52.991,20.03288078308105,80.06024169921875,150.56966400146484,78.03030395507812,81.69999694824219,61.23046875,99.94574737548828,15.908979415893556,41.56999462724885,41251.0,33.672454833984375,25.5399169921875,22.357635498046875,24.615142822265625,41.55000114440918
1970-11-27 17:53:53.990,20.008695602416992,80.0,150.60221099853516,78.03030395507812,81.5,61.23046875,99.94574737548828,15.886198043823242,42.69743760890398,41251.0,28.967025756835938,24.96875,21.106475830078125,21.92245483398437,41.55000114440918
1970-11-27 17:53:54.992,20.008695602416992,80.0,150.60221099853516,78.03030395507812,81.5,61.23046875,99.94574737548828,15.886198043823242,42.69743760890398,41251.0,28.967025756835938,24.96875,21.106475830078125,21.92245483398437,41.55000114440918
1970-11-27 17:53:55.994,20.00992774963379,79.93975830078125,150.30924224853516,78.03030395507812,81.69999694824219,61.23046875,99.94574737548828,15.83568000793457,41.52637283605464,41251.0,28.042251586914062,23.010406494140625,21.242462158203125,21.541656494140625,41.55000114440918
1970-11-27 17:53:57.006,20.05547523498535,80.0,150.76497650146484,78.03030395507812,82.0999984741211,61.23046875,99.94574737548828,15.789810180664062,40.3185509629481,41251.0,27.93345642089844,25.4039306640625,22.82000732421875,20.888885498046875,41.55000114440918
1970-11-27 17:53:58.009,20.05547523498535,80.0,150.76497650146484,78.03030395507812,82.0999984741211,61.23046875,99.94574737548828,15.789810180664062,40.3185509629481,41251.0,27.93345642089844,25.4039306640625,22.82000732421875,20.888885498046875,41.55000114440918
1970-11-27 17:53:58.995,20.04320526123047,80.0,149.9186248779297,78.03030395507812,80.80000305175781,61.23046875,99.94574737548828,15.769285202026367,42.121059585406435,41251.0,26.981491088867188,22.82000732421875,21.32406616210937,21.07928466796875,41.55000114440918
1970-11-27 17:53:59.993,19.9658260345459,79.93975830078125,149.39778900146484,78.03030395507812,81.5999984741211,61.23046875,99.94574737548828,15.72823715209961,41.23669346206282,41251.0,29.32061767578125,23.880767822265625,20.45370483398437,23.3367919921875,41.55000114440918
1970-11-27 17:54:00.992,19.9658260345459,79.93975830078125,149.39778900146484,78.03030395507812,81.5999984741211,61.23046875,99.94574737548828,15.72823715209961,41.23669346206282,41251.0,29.32061767578125,23.880767822265625,20.45370483398437,23.3367919921875,41.55000114440918
1970-11-27 17:54:01.995,19.925586700439453,80.0,149.56868743896484,77.95454406738281,82.0999984741211,61.23046875,99.94574737548828,15.68062973022461,39.18031681827049,41251.0,29.15740966796875,22.6024169921875,20.04571533203125,25.431121826171875,41.55000114440918
1970-11-27 17:54:02.993,19.890625,80.0,151.5380859375,78.03030395507812,82.80000305175781,61.23046875,99.94574737548828,15.65190887451172,37.29244786552435,41251.0,28.015045166015625,25.213531494140625,25.89350891113281,24.85995483398437,41.55000114440918
1970-11-27 17:54:04.004,19.890625,80.0,151.5380859375,78.03030395507812,82.80000305175781,61.23046875,99.94574737548828,15.65190887451172,37.29244786552435,41251.0,28.015045166015625,25.213531494140625,25.89350891113281,24.85995483398437,41.55000114440918
1970-11-27 17:54:04.991,19.928386688232425,80.0,151.5787811279297,78.03030395507812,82.80000305175781,61.23046875,99.94574737548828,15.61053466796875,40.97215361400522,41251.0,31.170150756835938,29.701385498046875,23.962371826171875,25.86630249023437,41.55000114440918
1970-11-27 17:54:05.990,19.97465705871582,80.0,150.5778045654297,78.03030395507812,81.80000305175781,61.23046875,99.94574737548828,15.56916046142578,42.04606065826095,41251.0,30.78936767578125,26.05670166015625,25.13192749023437,22.92880249023437,41.55000114440918
1970-11-27 17:54:07.000,19.97465705871582,80.0,150.5778045654297,78.03030395507812,81.80000305175781,61.23046875,99.94574737548828,15.56916046142578,42.04606065826095,41251.0,30.78936767578125,26.05670166015625,25.13192749023437,22.92880249023437,41.55000114440918
1970-11-27 17:54:08.003,19.947620391845703,80.0,150.341796875,78.03030395507812,81.0999984741211,61.23046875,99.94574737548828,15.550094604492188,43.9328693827619,41251.0,31.850128173828125,23.25518798828125,24.043975830078125,23.907989501953125,41.55000114440918
1970-11-27 17:54:08.991,19.94520378112793,80.0,151.12303924560547,77.95454406738281,82.4000015258789,61.23046875,99.94574737548828,15.521873474121094,41.13376435433729,41251.0,30.082183837890625,24.098358154296875,21.59605407714844,21.106475830078125,41.55000114440918
1970-11-27 17:54:10.003,19.94520378112793,80.0,151.12303924560547,77.95454406738281,82.4000015258789,61.23046875,99.94574737548828,15.521873474121094,41.13376435433729,41251.0,30.082183837890625,24.098358154296875,21.59605407714844,21.106475830078125,41.55000114440918
1970-11-27 17:54:10.994,19.976940155029297,79.93975830078125,150.7568359375,78.03030395507812,82.30000305175781,61.23046875,99.94574737548828,15.487312316894531,41.841828222581,41251.0,27.41668701171875,28.06942749023437,24.75115966796875,21.623260498046875,41.55000114440918
1970-11-27 17:54:11.994,20.04144859313965,79.93975830078125,150.27669525146484,78.03030395507812,81.4000015258789,61.23046875,99.94213104248048,15.46767807006836,40.33803112465193,41251.0,26.32870483398437,25.5399169921875,21.541656494140625,25.67591857910156,41.55000114440918
1970-11-27 17:54:12.994,20.04144859313965,79.93975830078125,150.27669525146484,78.03030395507812,81.4000015258789,61.23046875,99.94213104248048,15.46767807006836,40.33803112465193,41251.0,26.32870483398437,25.5399169921875,21.541656494140625,25.67591857910156,41.55000114440918
1970-11-27 17:54:14.002,20.135467529296875,80.06024169921875,150.8544921875,78.03030395507812,81.9000015258789,61.23046875,99.94574737548828,15.434167861938477,40.56481149941118,41251.0,28.096649169921875,24.72393798828125,22.901611328125,26.49188232421875,41.55000114440918
1970-11-27 17:54:14.993,20.152727127075195,80.0,150.3173828125,78.03030395507812,81.69999694824219,61.23046875,99.94574737548828,15.417106628417969,38.23684152494176,41251.0,28.2054443359375,24.50634765625,15.77545166015625,28.885406494140625,41.55000114440918
1970-11-27 17:54:15.995,20.152727127075195,80.0,150.3173828125,78.03030395507812,81.69999694824219,61.23046875,99.94574737548828,15.417106628417969,38.23684152494176,41251.0,28.2054443359375,24.50634765625,15.77545166015625,28.885406494140625,41.55000114440918
1970-11-27 17:54:16.993,20.121591567993164,79.93975830078125,150.1220703125,78.03030395507812,82.20000457763672,61.23046875,99.94574737548828,15.408388137817385,40.75149004565046,41251.0,30.4085693359375,26.111099243164062,23.2008056640625,27.33505249023437,41.55000114440918
1970-11-27 17:54:17.994,20.102184295654297,80.0,151.025390625,77.95454406738281,82.20000457763672,61.23046875,99.94574737548828,15.377473831176758,40.9997320513801,41251.0,31.93173217773437,27.09027099609375,24.914337158203125,25.376739501953125,41.55000114440918
1970-11-27 17:54:19.004,20.102184295654297,80.0,151.025390625,77.95454406738281,82.20000457763672,61.23046875,99.94574737548828,15.377473831176758,40.9997320513801,41251.0,31.93173217773437,27.09027099609375,24.914337158203125,25.376739501953125,41.55000114440918
1970-11-27 17:54:20.004,20.058324813842773,80.0,151.708984375,77.95454406738281,81.69999694824219,61.23046875,99.94574737548828,15.36225128173828,42.41487993112432,41251.0,30.218170166015625,28.93980407714844,25.077545166015625,22.140045166015625,41.55000114440918
1970-11-27 17:54:21.000,20.038862228393555,80.0,151.1474609375,78.03030395507812,82.0,61.23046875,99.94574737548828,15.352401733398438,38.73637089186461,41251.0,29.29341125488281,26.46469116210937,25.48553466796875,22.24884033203125,41.55000114440918
1970-11-27 17:54:22.001,20.038862228393555,80.0,151.1474609375,78.03030395507812,82.0,61.23046875,99.94574737548828,15.352401733398438,38.73637089186461,41251.0,29.29341125488281,26.46469116210937,25.48553466796875,22.24884033203125,41.55000114440918
1970-11-27 17:54:23.005,20.044902801513672,80.0,149.83724212646484,78.03030395507812,82.20000457763672,61.23046875,99.94574737548828,15.329769134521484,40.647908490973045,41251.0,30.4085693359375,22.19442749023437,22.22163391113281,24.778350830078125,41.55000114440918
1970-11-27 17:54:23.993,19.996671676635746,80.0,151.04166412353516,78.03030395507812,81.80000305175781,61.23046875,99.94574737548828,15.317268371582031,39.46463401664342,41251.0,29.72860717773437,24.560760498046875,23.47279357910156,24.42475891113281,41.55000114440918
1970-11-27 17:54:25.005,19.996671676635746,80.0,151.04166412353516,78.03030395507812,81.80000305175781,61.23046875,99.94574737548828,15.317268371582031,39.46463401664342,41251.0,29.72860717773437,24.560760498046875,23.47279357910156,24.42475891113281,41.55000114440918
1970-11-27 17:54:25.993,19.940444946289062,79.93975830078125,149.44661712646484,77.95454406738281,81.5,61.23046875,99.94574737548828,15.321807861328123,42.598797498042956,41251.0,27.280670166015625,26.8726806640625,22.92880249023437,25.62152099609375,41.55000114440918
1970-11-27 17:54:26.994,19.911884307861328,80.0,150.45572662353516,77.95454406738281,82.0999984741211,61.23046875,99.94213104248048,15.301393508911133,41.76525499824609,41251.0,30.05499267578125,27.09027099609375,19.39292907714844,25.86630249023437,41.55000114440918
1970-11-27 17:54:28.004,19.911884307861328,80.0,150.45572662353516,77.95454406738281,82.0999984741211,61.23046875,99.94213104248048,15.301393508911133,41.76525499824609,41251.0,30.05499267578125,27.09027099609375,19.39292907714844,25.86630249023437,41.55000114440918
1970-11-27 17:54:28.993,19.925079345703125,80.0,150.78939056396484,78.03030395507812,82.70000457763672,61.23046875,99.94213104248048,15.301065444946287,39.90038644596074,41251.0,30.54457092285156,26.818267822265625,21.81365966796875,26.8726806640625,41.55000114440918
1970-11-27 17:54:29.994,19.986955642700195,80.0,150.8544921875,78.03030395507812,82.4000015258789,61.23046875,99.94574737548828,15.29753875732422,39.829039841029434,41251.0,29.72860717773437,26.60067749023437,20.9976806640625,25.213531494140625,41.55000114440918
1970-11-27 17:54:30.992,19.99699211120605,80.0,150.2115936279297,78.03030395507812,81.4000015258789,61.23046875,99.94574737548828,15.2835693359375,44.188638542459636,41251.0,33.56365966796875,26.083892822265625,27.09027099609375,25.512725830078125,41.55000114440918
1970-11-27 17:54:31.993,19.99699211120605,80.0,150.2115936279297,78.03030395507812,81.4000015258789,61.23046875,99.94574737548828,15.2835693359375,44.188638542459636,41251.0,33.56365966796875,26.083892822265625,27.09027099609375,25.512725830078125,41.55000114440918
1970-11-27 17:54:32.994,19.95170783996582,80.0,150.927734375,78.03030395507812,82.0,61.23046875,99.94574737548828,15.295068740844728,41.547122248478814,41251.0,30.59896850585937,24.9415283203125,23.227996826171875,22.901611328125,41.55000114440918
1970-11-27 17:54:33.992,19.955774307250977,80.0,150.27669525146484,77.95454406738281,81.9000015258789,61.23046875,99.94574737548828,15.289758682250977,42.19005544811969,41251.0,32.6116943359375,23.391189575195312,22.79281616210937,21.32406616210937,41.55000114440918
1970-11-27 17:54:34.993,19.955774307250977,80.0,150.27669525146484,77.95454406738281,81.9000015258789,61.23046875,99.94574737548828,15.289758682250977,42.19005544811969,41251.0,32.6116943359375,23.391189575195312,22.79281616210937,21.32406616210937,41.55000114440918
1970-11-27 17:54:35.994,19.95833206176757,80.0,149.9755859375,77.95454406738281,82.5999984741211,61.23046875,99.94574737548828,15.287294387817385,40.822402783509126,41251.0,31.06134033203125,24.8055419921875,24.50634765625,21.623260498046875,41.55000114440918
1970-11-27 17:54:37.001,19.99123954772949,80.0,149.93489837646484,78.03030395507812,82.30000305175781,61.23046875,99.94574737548828,15.295160293579102,40.24596793467751,41251.0,29.15740966796875,25.512725830078125,22.520828247070312,27.44384765625,41.55000114440918
1970-11-27 17:54:38.004,19.99123954772949,80.0,149.93489837646484,78.03030395507812,82.30000305175781,61.23046875,99.94574737548828,15.295160293579102,40.24596793467751,41251.0,29.15740966796875,25.512725830078125,22.520828247070312,27.44384765625,41.55000114440918
1970-11-27 17:54:38.992,20.0239315032959,80.0,150.84635162353516,78.03030395507812,82.5999984741211,61.23046875,99.94574737548828,15.286766052246094,40.88962382220295,41251.0,30.78936767578125,25.13192749023437,24.39755249023437,27.7430419921875,41.55000114440918
1970-11-27 17:54:39.992,19.99272727966309,80.0,150.28482818603516,78.03030395507812,82.0,61.23046875,99.94213104248048,15.292510986328123,41.27993740094278,41251.0,31.36053466796875,26.4102783203125,23.39120483398437,24.28875732421875,41.55000114440918
1970-11-27 17:54:40.995,19.99272727966309,80.0,150.28482818603516,78.03030395507812,82.0,61.23046875,99.94213104248048,15.292510986328123,41.27993740094278,41251.0,31.36053466796875,26.4102783203125,23.39120483398437,24.28875732421875,41.55000114440918
1970-11-27 17:54:41.994,19.96982383728028,80.0,151.15560150146484,78.03030395507812,81.80000305175781,61.23046875,99.94574737548828,15.311256408691406,41.752275061010366,41251.0,30.54457092285156,29.456588745117188,24.343170166015625,24.043975830078125,41.55000114440918
1970-11-27 17:54:43.004,19.95315742492676,80.06024169921875,150.38248443603516,78.03030395507812,82.20000457763672,61.23046875,99.94574737548828,15.30815315246582,41.16317629304704,41251.0,31.7413330078125,27.063064575195312,24.6695556640625,21.895248413085938,41.55000114440918
1970-11-27 17:54:43.990,19.95315742492676,80.06024169921875,150.38248443603516,78.03030395507812,82.20000457763672,61.23046875,99.94574737548828,15.30815315246582,41.16317629304704,41251.0,31.7413330078125,27.063064575195312,24.6695556640625,21.895248413085938,41.55000114440918
1970-11-27 17:54:44.990,19.95306968688965,80.0,150.78939056396484,78.03030395507812,82.0999984741211,61.23046875,99.94574737548828,15.321508407592772,39.61103348530827,41251.0,32.55731201171875,26.62788391113281,26.41029357910156,25.295135498046875,41.55000114440918
1970-11-27 17:54:45.993,20.00257873535156,80.0,150.69986724853516,78.03030395507812,82.0,61.23046875,99.94574737548828,15.346694946289062,42.08929989495679,41251.0,30.816558837890625,23.581588745117188,19.44732666015625,26.247100830078125,41.55000114440918
1970-11-27 17:54:47.004,20.00257873535156,80.0,150.69986724853516,78.03030395507812,82.0,61.23046875,99.94574737548828,15.346694946289062,42.08929989495679,41251.0,30.816558837890625,23.581588745117188,19.44732666015625,26.247100830078125,41.55000114440918
1970-11-27 17:54:48.003,20.03119850158692,79.93975830078125,150.86263275146484,78.03030395507812,81.69999694824219,61.23046875,99.94574737548828,15.347597122192385,42.686825427673284,41251.0,29.647003173828125,25.97509765625,21.26966857910156,24.12557983398437,41.55000114440918
1970-11-27 17:54:48.992,19.99234962463379,80.0,150.20345306396484,78.03030395507812,81.69999694824219,61.23046875,99.94574737548828,15.37955093383789,42.50455262761968,41251.0,28.88543701171875,28.39581298828125,21.48725891113281,27.52545166015625,41.55000114440918
1970-11-27 17:54:49.990,19.99234962463379,80.0,150.20345306396484,78.03030395507812,81.69999694824219,61.23046875,99.94574737548828,15.37955093383789,42.50455262761968,41251.0,28.88543701171875,28.39581298828125,21.48725891113281,27.52545166015625,41.55000114440918
1970-11-27 17:54:51.003,19.98584747314453,80.0,149.8779296875,77.95454406738281,82.0,61.23046875,99.94574737548828,15.37286376953125,42.80529568614876,41251.0,28.53182983398437,26.546295166015625,23.445587158203125,23.962371826171875,41.55000114440918
1970-11-27 17:54:52.003,19.994354248046875,79.93975830078125,149.3001251220703,78.03030395507812,81.19999694824219,61.23046875,99.94213104248048,15.387388229370115,41.95064505666425,41251.0,27.171875,25.349517822265625,23.03759765625,26.00230407714844,41.55000114440918
1970-11-27 17:54:52.995,20.01688003540039,80.0,151.11490631103516,78.03030395507812,81.5999984741211,61.23046875,99.94574737548828,15.392606735229492,42.582089186734905,41251.0,31.52374267578125,27.93344116210937,23.227996826171875,22.874420166015625,41.55000114440918
1970-11-27 17:54:53.992,20.01688003540039,80.0,151.11490631103516,78.03030395507812,81.5999984741211,61.23046875,99.94574737548828,15.392606735229492,42.582089186734905,41251.0,31.52374267578125,27.93344116210937,23.227996826171875,22.874420166015625,41.55000114440918
1970-11-27 17:54:54.995,20.046306610107425,80.06024169921875,150.02442169189453,78.03030395507812,83.0,61.23046875,99.94213104248048,15.397253036499023,38.098328474169165,41251.0,32.82928466796875,26.49188232421875,21.106475830078125,28.69500732421875,41.55000114440918
1970-11-27 17:54:55.992,20.001752853393555,80.0,150.06510162353516,77.95454406738281,82.20000457763672,61.23046875,99.94574737548828,15.421695709228516,41.30094122266925,41251.0,31.52374267578125,24.45196533203125,23.635986328125,25.512725830078125,41.55000114440918
1970-11-27 17:54:56.990,20.001752853393555,80.0,150.06510162353516,77.95454406738281,82.20000457763672,61.23046875,99.94574737548828,15.421695709228516,41.30094122266925,41251.0,31.52374267578125,24.45196533203125,23.635986328125,25.512725830078125,41.55000114440918
1970-11-27 17:54:57.992,19.947906494140625,79.93975830078125,150.20345306396484,78.03030395507812,82.0,61.23046875,99.94574737548828,15.455379486083984,42.46131357157391,41251.0,28.25985717773437,29.048599243164062,22.22163391113281,26.682281494140625,41.55000114440918
1970-11-27 17:54:58.990,19.94000244140625,80.0,150.4231719970703,78.03030395507812,81.19999694824219,61.23046875,99.94213104248048,15.461801528930664,44.13188175893871,41251.0,31.550933837890625,25.431121826171875,20.48089599609375,23.5,41.55000114440918
1970-11-27 17:54:59.994,19.94000244140625,80.0,150.4231719970703,78.03030395507812,81.19999694824219,61.23046875,99.94213104248048,15.461801528930664,44.13188175893871,41251.0,31.550933837890625,25.431121826171875,20.48089599609375,23.5,41.55000114440918
1970-11-27 17:55:01.004,19.91834831237793,80.0,149.91048431396484,77.95454406738281,81.80000305175781,61.23046875,99.94213104248048,15.487586975097656,41.175861880420584,41251.0,28.66783142089844,28.151031494140625,22.82000732421875,25.5399169921875,41.55000114440918
1970-11-27 17:55:01.991,19.93891906738281,80.0,149.34896087646484,78.03030395507812,81.5,61.23046875,99.94574737548828,15.54128074645996,41.41674220584871,41251.0,25.839126586914062,27.171875,25.947906494140625,24.0711669921875,41.55000114440918
1970-11-27 17:55:02.993,19.99507141113281,80.0,151.13118743896484,78.03030395507812,82.5,61.23046875,99.94213104248048,15.533344268798828,41.41116127402612,41251.0,31.686920166015625,28.85821533203125,24.53355407714844,26.845489501953125,41.55000114440918
1970-11-27 17:55:04.005,19.99507141113281,80.0,151.13118743896484,78.03030395507812,82.5,61.23046875,99.94213104248048,15.533344268798828,41.41116127402612,41251.0,31.686920166015625,28.85821533203125,24.53355407714844,26.845489501953125,41.55000114440918
1970-11-27 17:55:04.992,19.969127655029297,80.0,150.7080078125,78.03030395507812,81.80000305175781,61.23046875,99.94574737548828,15.573150634765623,43.25390612836778,41251.0,32.203704833984375,26.029510498046875,23.880767822265625,28.42303466796875,41.55000114440918
1970-11-27 17:55:06.001,19.95608329772949,80.0,150.830078125,78.03030395507812,81.5,61.23046875,99.94574737548828,15.58864402770996,43.81404087936855,41252.0,32.55731201171875,25.295135498046875,22.03125,26.927078247070312,41.55000114440918
1970-11-27 17:55:07.001,19.95608329772949,80.0,150.830078125,78.03030395507812,81.5,61.23046875,99.94574737548828,15.58864402770996,43.81404087936855,41252.0,32.55731201171875,25.295135498046875,22.03125,26.927078247070312,41.55000114440918
1970-11-27 17:55:07.992,19.95747184753418,80.0,149.3815155029297,77.95454406738281,81.0,61.23046875,99.94574737548828,15.595191955566406,44.29489194925237,41252.0,32.23091125488281,25.92071533203125,20.91607666015625,25.458328247070312,41.55000114440918
1970-11-27 17:55:09.005,19.979263305664062,80.0,148.7386016845703,78.03030395507812,80.9000015258789,61.23046875,99.94213104248048,15.647989273071287,42.85364931825524,41252.0,27.770263671875,28.314224243164062,23.010406494140625,23.79917907714844,41.55000114440918
1970-11-27 17:55:10.003,19.979263305664062,80.0,148.7386016845703,78.03030395507812,80.9000015258789,61.23046875,99.94213104248048,15.647989273071287,42.85364931825524,41252.0,27.770263671875,28.314224243164062,23.010406494140625,23.79917907714844,41.55000114440918
1970-11-27 17:55:10.994,20.044586181640625,79.93975830078125,149.4384765625,78.03030395507812,81.5,61.23046875,99.94213104248048,15.670486450195312,41.5613820203678,41252.0,31.714126586914062,26.4102783203125,23.255203247070312,22.765625,41.55000114440918
1970-11-27 17:55:11.990,20.04853630065918,79.93975830078125,150.6103515625,78.03030395507812,83.0999984741211,61.23046875,99.94574737548828,15.708080291748049,38.1373360832871,41252.0,31.986114501953125,24.751144409179688,20.671295166015625,25.4039306640625,41.55000114440918
1970-11-27 17:55:13.004,20.04853630065918,79.93975830078125,150.6103515625,78.03030395507812,83.0999984741211,61.23046875,99.94574737548828,15.708080291748049,38.1373360832871,41252.0,31.986114501953125,24.751144409179688,20.671295166015625,25.4039306640625,41.55000114440918
1970-11-27 17:55:14.001,20.009292602539062,80.0,150.6184844970703,77.95454406738281,82.20000457763672,61.23046875,99.94213104248048,15.76658821105957,40.043084248880334,41252.0,33.754058837890625,27.987838745117188,26.682281494140625,25.32232666015625,41.55000114440918
1970-11-27 17:55:15.004,19.98805427551269,80.06024169921875,151.123046875,78.03030395507812,81.9000015258789,61.23046875,99.94574737548828,15.789976119995115,40.75475569104128,41252.0,31.251739501953125,27.66143798828125,28.20542907714844,25.5399169921875,41.55000114440918
1970-11-27 17:55:15.990,19.98805427551269,80.06024169921875,151.123046875,78.03030395507812,81.9000015258789,61.23046875,99.94574737548828,15.789976119995115,40.75475569104128,41252.0,31.251739501953125,27.66143798828125,28.20542907714844,25.5399169921875,41.55000114440918
1970-11-27 17:55:16.992,19.98862266540528,80.0,150.8056640625,78.03030395507812,81.5999984741211,61.23046875,99.94213104248048,15.831117630004885,43.73049463276713,41252.0,33.99884033203125,29.266189575195312,23.3367919921875,27.552642822265625,41.55000114440918
1970-11-27 17:55:18.000,20.037805557250977,79.93975830078125,151.0009765625,78.03030395507812,81.9000015258789,61.23046875,99.94574737548828,15.88172721862793,42.99835125729838,41252.0,33.59086608886719,23.79917907714844,24.0711669921875,27.416656494140625,41.55000114440918
1970-11-27 17:55:19.003,20.037805557250977,79.93975830078125,151.0009765625,78.03030395507812,81.9000015258789,61.23046875,99.94574737548828,15.88172721862793,42.99835125729838,41252.0,33.59086608886719,23.79917907714844,24.0711669921875,27.416656494140625,41.55000114440918
1970-11-27 17:55:19.990,20.099454879760746,80.0,150.22786712646484,77.95454406738281,81.80000305175781,61.23046875,99.94574737548828,15.889606475830078,41.6006863984229,41252.0,31.30615234375,26.65509033203125,24.0711669921875,25.5399169921875,41.55000114440918
1970-11-27 17:55:20.992,20.07421493530273,80.0,149.853515625,77.95454406738281,81.5999984741211,61.23046875,99.94574737548828,15.930305480957031,42.30996154748796,41252.0,27.52548217773437,27.579849243164062,26.029510498046875,24.778350830078125,41.55000114440918
1970-11-27 17:55:22.002,20.07421493530273,80.0,149.853515625,77.95454406738281,81.5999984741211,61.23046875,99.94574737548828,15.930305480957031,42.30996154748796,41252.0,27.52548217773437,27.579849243164062,26.029510498046875,24.778350830078125,41.55000114440918
1970-11-27 17:55:23.994,20.05095863342285,80.0,149.9674530029297,78.03030395507812,82.0999984741211,61.23046875,99.94574737548828,16.001049041748047,38.89335520068201,41252.0,29.701400756835938,28.99420166015625,23.28240966796875,24.88714599609375,41.55000114440918
1970-11-27 17:55:23.000,20.05323028564453,80.0,149.658203125,78.03030395507812,82.0999984741211,61.23046875,99.94574737548828,15.991716384887695,41.29866703038369,41252.0,31.79571533203125,24.72393798828125,23.9351806640625,22.412017822265625,41.55000114440918
1970-11-27 17:55:24.994,20.05095863342285,80.0,149.9674530029297,78.03030395507812,82.0999984741211,61.23046875,99.94574737548828,16.001049041748047,38.89335520068201,41252.0,29.701400756835938,28.99420166015625,23.28240966796875,24.88714599609375,41.55000114440918
1970-11-27 17:55:25.992,20.05138397216797,80.0,149.48731231689453,78.03030395507812,80.80000305175781,61.23046875,99.94574737548828,16.056804656982422,39.754975600939815,41252.0,30.299774169921875,27.280670166015625,23.962371826171875,24.99594116210937,41.55000114440918
1970-11-27 17:55:26.994,20.07252311706543,80.0,150.13021087646484,77.95454406738281,81.80000305175781,61.23046875,99.94574737548828,16.089561462402344,40.9721431922342,41252.0,32.067718505859375,28.450225830078125,23.9351806640625,24.0711669921875,41.55000114440918
1970-11-27 17:55:28.994,20.04361724853516,80.0,151.416015625,78.03030395507812,81.69999694824219,61.23046875,99.94574737548828,16.116355895996094,41.46318586974436,41252.0,33.80845642089844,28.423019409179688,25.431121826171875,28.99420166015625,41.55000114440918
1970-11-27 17:55:28.000,20.07252311706543,80.0,150.13021087646484,77.95454406738281,81.80000305175781,61.23046875,99.94574737548828,16.089561462402344,40.9721431922342,41252.0,32.067718505859375,28.450225830078125,23.9351806640625,24.0711669921875,41.55000114440918
1970-11-27 17:55:30.002,19.97865867614746,80.0,150.78125,77.95454406738281,81.5,61.23046875,99.94574737548828,16.177310943603516,41.157103236017974,41252.0,32.69329833984375,28.17822265625,25.59432983398437,24.914337158203125,41.55000114440918
1970-11-27 17:55:30.992,19.97865867614746,80.0,150.78125,77.95454406738281,81.5,61.23046875,99.94574737548828,16.177310943603516,41.157103236017974,41252.0,32.69329833984375,28.17822265625,25.59432983398437,24.914337158203125,41.55000114440918
1970-11-27 17:55:32.002,19.9700984954834,80.0,149.9186248779297,77.95454406738281,82.20000457763672,61.23046875,99.94574737548828,16.221202850341797,42.66098578206113,41252.0,33.454864501953125,29.701385498046875,21.7320556640625,24.6695556640625,41.55000114440918
1970-11-27 17:55:32.990,19.948129653930664,80.0,149.35709381103516,78.03030395507812,81.4000015258789,61.23046875,99.94574737548828,16.230831146240234,42.78792864986736,41252.0,33.400482177734375,24.53355407714844,24.234375,24.914337158203125,41.55000114440918
1970-11-27 17:55:34.005,19.948129653930664,80.0,149.35709381103516,78.03030395507812,81.4000015258789,61.23046875,99.94574737548828,16.230831146240234,42.78792864986736,41252.0,33.400482177734375,24.53355407714844,24.234375,24.914337158203125,41.55000114440918
1970-11-27 17:55:34.993,19.94639205932617,80.0,149.45475006103516,78.03030395507812,81.30000305175781,61.23046875,99.94574737548828,16.280797958374023,43.82006700546796,41252.0,32.01332092285156,24.479156494140625,23.69038391113281,23.880767822265625,41.55000114440918
1970-11-27 17:55:35.992,19.958311080932617,80.0,149.22689056396484,78.03030395507812,81.69999694824219,61.23046875,99.94574737548828,16.318635940551758,43.25923911947578,41252.0,24.15278625488281,25.89350891113281,25.839111328125,26.46469116210937,41.55000114440918
1970-11-27 17:55:36.991,19.958311080932617,80.0,149.22689056396484,78.03030395507812,81.69999694824219,61.23046875,99.94574737548828,16.318635940551758,43.25923911947578,41252.0,24.15278625488281,25.89350891113281,25.839111328125,26.46469116210937,41.55000114440918
1970-11-27 17:55:37.990,19.9245548248291,80.0,150.08951568603516,78.03030395507812,81.5,61.23046875,99.94574737548828,16.35614013671875,42.4818174638541,41252.0,30.87095642089844,29.157394409179688,24.179962158203125,26.981475830078125,41.55000114440918
1970-11-27 17:55:39.990,19.910511016845703,79.93975830078125,148.8037109375,77.95454406738281,82.0,61.23046875,99.94574737548828,16.407833099365234,40.537119921922375,41252.0,29.40220642089844,24.315963745117188,20.72567749023437,27.36225891113281,41.55000114440918
1970-11-27 17:55:39.000,19.910511016845703,79.93975830078125,148.8037109375,77.95454406738281,82.0,61.23046875,99.94574737548828,16.407833099365234,40.537119921922375,41252.0,29.40220642089844,24.315963745117188,20.72567749023437,27.36225891113281,41.55000114440918
1970-11-27 17:55:41.001,19.91261100769043,80.0,149.91861724853516,77.95454406738281,81.69999694824219,61.23046875,99.94574737548828,16.444982528686523,40.576595581029515,41252.0,30.979751586914062,25.594314575195312,25.077545166015625,23.9351806640625,41.55000114440918
1970-11-27 17:55:41.991,19.90115165710449,80.06024169921875,150.3011016845703,78.03030395507812,82.4000015258789,61.23046875,99.94574737548828,16.473251342773438,41.73016517737556,41252.0,34.134857177734375,29.375,24.12557983398437,26.899871826171875,41.55000114440918
1970-11-27 17:55:42.991,19.90115165710449,80.06024169921875,150.3011016845703,78.03030395507812,82.4000015258789,61.23046875,99.94574737548828,16.473251342773438,41.73016517737556,41252.0,34.134857177734375,29.375,24.12557983398437,26.899871826171875,41.55000114440918
1970-11-27 17:55:44.993,19.997289657592773,79.93975830078125,149.54427337646484,78.03030395507812,81.69999694824219,61.23046875,99.94574737548828,16.57419204711914,40.32685999565638,41252.0,30.163787841796875,26.165496826171875,23.907989501953125,24.58795166015625,41.55000114440918
1970-11-27 17:55:44.000,19.931377410888672,80.0,149.6337890625,78.03030395507812,82.30000305175781,61.23046875,99.94574737548828,16.518444061279297,42.70784251767166,41252.0,35.79399108886719,27.117462158203125,21.160873413085938,26.35589599609375,41.55000114440918
1970-11-27 17:55:46.001,19.997289657592773,79.93975830078125,149.54427337646484,78.03030395507812,81.69999694824219,61.23046875,99.94574737548828,16.57419204711914,40.32685999565638,41252.0,30.163787841796875,26.165496826171875,23.907989501953125,24.58795166015625,41.55000114440918
1970-11-27 17:55:46.991,20.01124382019043,80.0,149.90234375,77.95454406738281,82.30000305175781,61.23046875,99.94574737548828,16.59236717224121,39.09081217405643,41252.0,30.299774169921875,27.19906616210937,25.18634033203125,27.579864501953125,41.55000114440918
1970-11-27 17:55:47.993,20.037742614746094,80.06024169921875,149.21060943603516,78.03030395507812,81.5999984741211,61.23046875,99.94574737548828,16.634262084960938,42.83303079477625,41252.0,31.034149169921875,25.839111328125,21.895248413085938,25.104736328125,41.55000114440918
1970-11-27 17:55:48.994,20.037742614746094,80.06024169921875,149.21060943603516,78.03030395507812,81.5999984741211,61.23046875,99.94574737548828,16.634262084960938,42.83303079477625,41252.0,31.034149169921875,25.839111328125,21.895248413085938,25.104736328125,41.55000114440918
1970-11-27 17:55:49.993,20.007699966430664,80.06024169921875,149.951171875,78.03030395507812,82.70000457763672,61.23046875,99.94574737548828,16.6915225982666,38.99384430413668,41252.0,28.776626586914062,24.6695556640625,22.575225830078125,28.42303466796875,41.55000114440918
1970-11-27 17:55:50.993,20.01893424987793,79.93975830078125,149.5686798095703,78.03030395507812,81.4000015258789,61.23046875,99.94574737548828,16.718921661376953,40.85193575227615,41252.0,26.546295166015625,26.818267822265625,21.378463745117188,26.763885498046875,41.55000114440918
1970-11-27 17:55:52.002,20.01893424987793,79.93975830078125,149.5686798095703,78.03030395507812,81.4000015258789,61.23046875,99.94574737548828,16.718921661376953,40.85193575227615,41252.0,26.546295166015625,26.818267822265625,21.378463745117188,26.763885498046875,41.55000114440918
1970-11-27 17:55:52.992,20.108747482299805,80.0,149.21060943603516,78.03030395507812,81.9000015258789,61.23046875,99.94574737548828,16.759775161743164,40.54007896402987,41252.0,32.720489501953125,29.3477783203125,24.043975830078125,26.00230407714844,41.55000114440918
1970-11-27 17:55:53.992,20.11425018310547,80.0,149.169921875,78.03030395507812,82.20000457763672,61.23046875,99.94574737548828,16.826709747314453,38.34002641845081,41252.0,29.429412841796875,23.85357666015625,22.19442749023437,26.79107666015625,41.55000114440918
1970-11-27 17:55:54.990,20.11425018310547,80.0,149.169921875,78.03030395507812,82.20000457763672,61.23046875,99.94574737548828,16.826709747314453,38.34002641845081,41252.0,29.429412841796875,23.85357666015625,22.19442749023437,26.79107666015625,41.55000114440918
1970-11-27 17:55:55.994,20.10603904724121,80.0,150.4801483154297,77.95454406738281,82.9000015258789,61.23046875,99.94574737548828,16.853687286376953,40.75066905535389,41252.0,31.22454833984375,29.40219116210937,26.083892822265625,25.050338745117188,41.52500057220459
1970-11-27 17:55:57.004,20.10011863708496,79.93975830078125,148.92578125,77.95454406738281,82.4000015258789,61.23046875,99.94574737548828,16.901708602905273,40.093273921830104,41252.0,33.29168701171875,30.925338745117188,18.440963745117188,24.098373413085938,41.55000114440918
1970-11-27 17:55:58.002,20.10011863708496,79.93975830078125,148.92578125,77.95454406738281,82.4000015258789,61.23046875,99.94574737548828,16.901708602905273,40.093273921830104,41252.0,33.29168701171875,30.925338745117188,18.440963745117188,24.098373413085938,41.55000114440918
1970-11-27 17:55:58.992,20.088409423828125,80.0,149.39778900146484,78.03030395507812,81.5,61.23046875,99.94574737548828,16.959564208984375,43.26783260565402,41252.0,32.44850158691406,26.92706298828125,25.18634033203125,24.098373413085938,41.55000114440918
1970-11-27 17:55:59.992,20.056377410888672,80.06024169921875,148.6735076904297,78.03030395507812,81.9000015258789,61.23046875,99.94574737548828,16.973861694335938,40.12863367517749,41252.0,29.565399169921875,25.45831298828125,24.42475891113281,25.784713745117188,41.55000114440918
1970-11-27 17:56:00.991,20.056377410888672,80.06024169921875,148.6735076904297,78.03030395507812,81.9000015258789,61.23046875,99.94574737548828,16.973861694335938,40.12863367517749,41252.0,29.565399169921875,25.45831298828125,24.42475891113281,25.784713745117188,41.55000114440918
1970-11-27 17:56:02.003,20.009780883789062,80.06024169921875,149.69075775146484,78.03030395507812,82.0999984741211,61.23046875,99.94574737548828,17.03533363342285,41.13105773314899,41252.0,29.15740966796875,25.97509765625,24.88714599609375,19.6649169921875,41.55000114440918
1970-11-27 17:56:02.990,19.895814895629883,79.93975830078125,148.47005462646484,78.03030395507812,82.20000457763672,61.23046875,99.94574737548828,17.095367431640625,41.37884451138931,41252.0,30.76216125488281,23.98956298828125,20.9976806640625,25.458328247070312,41.52500057220459
1970-11-27 17:56:03.992,19.895814895629883,79.93975830078125,148.47005462646484,78.03030395507812,82.20000457763672,61.23046875,99.94574737548828,17.095367431640625,41.37884451138931,41252.0,30.76216125488281,23.98956298828125,20.9976806640625,25.458328247070312,41.52500057220459
1970-11-27 17:56:04.992,19.94000816345215,80.0,148.9990234375,77.95454406738281,82.30000305175781,61.23046875,99.94574737548828,17.106700897216797,39.17172922126737,41252.0,29.565399169921875,27.797439575195312,22.276031494140625,26.383087158203125,41.52500057220459
1970-11-27 17:56:05.992,19.9170150756836,80.06024169921875,149.91048431396484,77.95454406738281,82.20000457763672,61.23046875,99.94574737548828,17.174488067626953,41.44110523285589,41252.0,31.52374267578125,22.33042907714844,22.847213745117188,29.510986328125,41.55000114440918
1970-11-27 17:56:06.995,19.9170150756836,80.06024169921875,149.91048431396484,77.95454406738281,82.20000457763672,61.23046875,99.94574737548828,17.174488067626953,41.44110523285589,41252.0,31.52374267578125,22.33042907714844,22.847213745117188,29.510986328125,41.55000114440918
1970-11-27 17:56:07.994,19.87991142272949,80.0,149.16178131103516,78.03030395507812,81.5,61.23046875,99.94574737548828,17.221393585205078,41.41680137936077,41252.0,29.40220642089844,30.13656616210937,24.723953247070312,26.083892822265625,41.52500057220459
1970-11-27 17:56:08.995,19.88208770751953,79.8795166015625,148.77115631103516,78.03030395507812,82.30000305175781,61.23046875,99.94574737548828,17.240156173706055,40.967161169385086,41252.0,31.387741088867188,25.077545166015625,22.357635498046875,24.88714599609375,41.52500057220459
1970-11-27 17:56:10.003,19.88208770751953,79.8795166015625,148.77115631103516,78.03030395507812,82.30000305175781,61.23046875,99.94574737548828,17.240156173706055,40.967161169385086,41252.0,31.387741088867188,25.077545166015625,22.357635498046875,24.88714599609375,41.52500057220459
1970-11-27 17:56:10.992,19.8491325378418,79.93975830078125,148.876953125,78.03030395507812,81.30000305175781,61.23046875,99.94574737548828,17.300058364868164,43.415377284281924,41252.0,30.653366088867188,25.13192749023437,24.8055419921875,22.82000732421875,41.52500057220459
1970-11-27 17:56:11.994,19.84393119812012,80.1204833984375,149.2594451904297,77.95454406738281,82.0999984741211,61.23046875,99.94574737548828,17.34141731262207,42.29267935641658,41252.0,31.768524169921875,28.6134033203125,22.33042907714844,22.711212158203125,41.55000114440918
1970-11-27 17:56:13.003,19.90201759338379,80.06024169921875,149.3896484375,77.95454406738281,82.20000457763672,61.23046875,99.94574737548828,17.368330001831055,40.43923261822039,41252.0,32.04052734375,23.85357666015625,23.989578247070312,23.28240966796875,41.52500057220459
1970-11-27 17:56:13.992,19.90201759338379,80.06024169921875,149.3896484375,77.95454406738281,82.20000457763672,61.23046875,99.94574737548828,17.368330001831055,40.43923261822039,41252.0,32.04052734375,23.85357666015625,23.989578247070312,23.28240966796875,41.52500057220459
1970-11-27 17:56:14.991,19.9392318725586,79.8795166015625,149.49544525146484,78.03030395507812,82.5999984741211,61.23046875,99.94574737548828,17.432493209838867,41.472122270157534,41252.0,30.54457092285156,26.111099243164062,24.723953247070312,26.00230407714844,41.52500057220459
1970-11-27 17:56:15.992,20.037202835083008,80.0,149.0153045654297,78.03030395507812,82.0,61.23046875,99.94574737548828,17.455190658569336,39.40564707315808,41252.0,29.81019592285156,28.531814575195312,22.276031494140625,24.043975830078125,41.52500057220459
1970-11-27 17:56:16.991,20.037202835083008,80.0,149.0153045654297,78.03030395507812,82.0,61.23046875,99.94574737548828,17.455190658569336,39.40564707315808,41252.0,29.81019592285156,28.531814575195312,22.276031494140625,24.043975830078125,41.52500057220459
1970-11-27 17:56:18.002,20.132736206054688,80.06024169921875,149.00716400146484,78.03030395507812,81.80000305175781,61.23046875,99.94574737548828,17.500112533569336,40.48244975629425,41252.0,30.84375,26.35589599609375,22.493621826171875,27.52545166015625,41.52500057220459
1970-11-27 17:56:18.992,20.13902473449707,80.0,148.60025787353516,78.03030395507812,82.0,61.23046875,99.94574737548828,17.53865623474121,41.59952461721192,41252.0,30.57177734375,28.06942749023437,24.50634765625,22.6024169921875,41.52500057220459
1970-11-27 17:56:19.990,20.13902473449707,80.0,148.60025787353516,78.03030395507812,82.0,61.23046875,99.94574737548828,17.53865623474121,41.59952461721192,41252.0,30.57177734375,28.06942749023437,24.50634765625,22.6024169921875,41.52500057220459
1970-11-27 17:56:20.992,20.18804168701172,80.0,149.2350311279297,78.03030395507812,81.5,61.23046875,99.94574737548828,17.59058380126953,41.52815572579435,41252.0,30.952545166015625,26.682281494140625,24.99594116210937,24.914337158203125,41.52500057220459
1970-11-27 17:56:21.991,20.235137939453125,80.0,148.78743743896484,77.95454406738281,82.0999984741211,61.23046875,99.94574737548828,17.641427993774414,39.78200572342078,41252.0,33.56365966796875,29.891769409179688,24.560760498046875,20.943267822265625,41.52500057220459
1970-11-27 17:56:23.002,20.235137939453125,80.0,148.78743743896484,77.95454406738281,82.0999984741211,61.23046875,99.94574737548828,17.641427993774414,39.78200572342078,41252.0,33.56365966796875,29.891769409179688,24.560760498046875,20.943267822265625,41.52500057220459
1970-11-27 17:56:24.005,20.275333404541016,79.93975830078125,148.9990234375,77.95454406738281,82.5999984741211,61.23046875,99.94574737548828,17.703569412231445,39.66448017396615,41252.0,28.749420166015625,26.247100830078125,22.98321533203125,22.92880249023437,41.52500057220459
1970-11-27 17:56:24.992,20.280059814453125,79.93975830078125,149.2431640625,77.95454406738281,81.0,61.23046875,99.94574737548828,17.712594985961914,41.942387425380375,41252.0,29.239013671875,22.140045166015625,24.343170166015625,24.0711669921875,41.5
1970-11-27 17:56:25.993,20.280059814453125,79.93975830078125,149.2431640625,77.95454406738281,81.0,61.23046875,99.94574737548828,17.712594985961914,41.942387425380375,41252.0,29.239013671875,22.140045166015625,24.343170166015625,24.0711669921875,41.5
1970-11-27 17:56:27.004,20.209726333618164,80.0,148.2666015625,78.03030395507812,82.30000305175781,61.23046875,99.94574737548828,17.775529861450195,41.349328035091915,41252.0,32.33970642089844,27.579849243164062,19.25692749023437,28.287017822265625,41.52500057220459
1970-11-27 17:56:27.993,20.15078353881836,80.06024169921875,148.2259063720703,78.03030395507812,81.5,61.23046875,99.94574737548828,17.83938217163086,43.233864599982546,41252.0,33.3460693359375,26.73667907714844,18.957748413085938,29.40219116210937,41.5
1970-11-27 17:56:28.993,20.15078353881836,80.06024169921875,148.2259063720703,78.03030395507812,81.5,61.23046875,99.94574737548828,17.83938217163086,43.233864599982546,41252.0,33.3460693359375,26.73667907714844,18.957748413085938,29.40219116210937,41.5
1970-11-27 17:56:29.993,20.12443351745605,80.0,148.64908599853516,78.03030395507812,81.80000305175781,61.23046875,99.94574737548828,17.856517791748047,41.72981999145295,41252.0,28.15106201171875,27.035858154296875,21.242462158203125,27.90625,41.52500057220459
1970-11-27 17:56:30.993,20.09049797058105,80.0,148.60839080810547,78.03030395507812,81.80000305175781,61.23046875,99.94574737548828,17.903167724609375,41.96446713712168,41252.0,28.9398193359375,29.238983154296875,22.439239501953125,24.914337158203125,41.5
1970-11-27 17:56:32.005,20.09049797058105,80.0,148.60839080810547,78.03030395507812,81.80000305175781,61.23046875,99.94574737548828,17.903167724609375,41.96446713712168,41252.0,28.9398193359375,29.238983154296875,22.439239501953125,24.914337158203125,41.5
1970-11-27 17:56:33.004,20.06854057312012,80.0,148.86881256103516,77.95454406738281,82.5,61.23046875,99.94574737548828,17.94961929321289,39.44672222488866,41252.0,32.366912841796875,25.15913391113281,24.343170166015625,22.629623413085938,41.5
1970-11-27 17:56:34.005,20.025754928588867,80.0,148.9176483154297,77.95454406738281,81.80000305175781,61.23046875,99.94574737548828,17.982688903808594,40.642470238149095,41252.0,31.632537841796875,27.52545166015625,27.117462158203125,23.69038391113281,41.52500057220459
1970-11-27 17:56:35.003,20.025754928588867,80.0,148.9176483154297,77.95454406738281,81.80000305175781,61.23046875,99.94574737548828,17.982688903808594,40.642470238149095,41252.0,31.632537841796875,27.52545166015625,27.117462158203125,23.69038391113281,41.52500057220459
1970-11-27 17:56:35.992,19.864002227783203,80.0,149.853515625,78.03030395507812,81.9000015258789,61.23046875,99.94574737548828,18.04296112060547,41.537602148858824,41252.0,30.245376586914062,27.063064575195312,23.581588745117188,27.82464599609375,41.5
1970-11-27 17:56:37.002,19.806703567504883,79.93975830078125,149.12923431396484,78.03030395507812,81.80000305175781,61.23046875,99.94574737548828,18.09986686706543,42.688462722558235,41252.0,34.8148193359375,28.504608154296875,24.914337158203125,24.179962158203125,41.5
1970-11-27 17:56:37.991,19.806703567504883,79.93975830078125,149.12923431396484,78.03030395507812,81.80000305175781,61.23046875,99.94574737548828,18.09986686706543,42.688462722558235,41252.0,34.8148193359375,28.504608154296875,24.914337158203125,24.179962158203125,41.5
1970-11-27 17:56:39.004,19.76327896118164,80.0,149.560546875,78.03030395507812,81.9000015258789,61.23046875,99.94574737548828,18.13140296936035,43.091965082781215,41252.0,31.034149169921875,23.282394409179688,23.2008056640625,29.483795166015625,41.5
1970-11-27 17:56:40.991,19.743623733520508,80.0,148.8444061279297,77.95454406738281,82.20000457763672,61.23046875,99.94574737548828,18.19508171081543,41.58999878759717,41252.0,31.442138671875,26.70947265625,25.4039306640625,23.880767822265625,41.5
1970-11-27 17:56:40.000,19.743623733520508,80.0,148.8444061279297,77.95454406738281,82.20000457763672,61.23046875,99.94574737548828,18.19508171081543,41.58999878759717,41252.0,31.442138671875,26.70947265625,25.4039306640625,23.880767822265625,41.5
1970-11-27 17:56:41.992,19.775310516357425,80.0,148.14452362060547,77.95454406738281,81.0,61.23046875,99.94574737548828,18.206069946289062,44.2034471011553,41252.0,29.511001586914062,26.301483154296875,18.7945556640625,25.18634033203125,41.5
1970-11-27 17:56:42.992,19.78089714050293,80.0,148.681640625,78.03030395507812,81.80000305175781,61.23046875,99.94574737548828,18.272008895874023,41.68064612024025,41252.0,32.33970642089844,22.98321533203125,21.81365966796875,26.845489501953125,41.5
1970-11-27 17:56:43.994,19.78089714050293,80.0,148.681640625,78.03030395507812,81.80000305175781,61.23046875,99.94574737548828,18.272008895874023,41.68064612024025,41252.0,32.33970642089844,22.98321533203125,21.81365966796875,26.845489501953125,41.5
1970-11-27 17:56:44.993,19.785024642944336,79.93975830078125,148.974609375,78.03030395507812,82.20000457763672,61.23046875,99.94574737548828,18.32973861694336,40.73423045929303,41252.0,30.62615966796875,26.05670166015625,24.28875732421875,26.1383056640625,41.5
1970-11-27 17:56:45.991,19.845603942871094,80.0,148.71419525146484,78.03030395507812,83.20000457763672,61.23046875,99.94213104248048,18.355195999145508,38.08006266715823,41252.0,29.918991088867188,29.021392822265625,25.295135498046875,21.8680419921875,41.5
1970-11-27 17:56:47.991,19.937442779541016,80.0,148.8444061279297,77.95454406738281,82.20000457763672,61.23046875,99.94574737548828,18.41376495361328,39.45000661056646,41252.0,31.850128173828125,25.077545166015625,25.86630249023437,22.82000732421875,41.5
1970-11-27 17:56:47.000,19.845603942871094,80.0,148.71419525146484,78.03030395507812,83.20000457763672,61.23046875,99.94213104248048,18.355195999145508,38.08006266715823,41252.0,29.918991088867188,29.021392822265625,25.295135498046875,21.8680419921875,41.5
1970-11-27 17:56:48.992,20.07011032104492,80.0,149.3896484375,78.03030395507812,82.9000015258789,61.23046875,99.94574737548828,18.460750579833984,38.906064879147756,41252.0,30.707763671875,27.280670166015625,24.12557983398437,26.546295166015625,41.5
1970-11-27 17:56:49.994,20.07011032104492,80.0,149.3896484375,78.03030395507812,82.9000015258789,61.23046875,99.94574737548828,18.460750579833984,38.906064879147756,41252.0,30.707763671875,27.280670166015625,24.12557983398437,26.546295166015625,41.5
1970-11-27 17:56:50.994,20.161088943481445,80.0,149.22689056396484,78.03030395507812,82.5,61.23046875,99.94574737548828,18.49163818359375,40.795138926665366,41252.0,32.25811767578125,26.92706298828125,24.914337158203125,24.315963745117188,41.5
1970-11-27 17:56:51.993,20.174287796020508,79.93975830078125,148.79557037353516,78.03030395507812,82.4000015258789,61.23046875,99.94574737548828,18.553911209106445,40.8700566136186,41252.0,32.53009033203125,31.306121826171875,25.5399169921875,24.0711669921875,41.5
1970-11-27 17:56:53.000,20.174287796020508,79.93975830078125,148.79557037353516,78.03030395507812,82.4000015258789,61.23046875,99.94574737548828,18.553911209106445,40.8700566136186,41252.0,32.53009033203125,31.306121826171875,25.5399169921875,24.0711669921875,41.5
1970-11-27 17:56:54.001,20.18719482421875,80.0,148.25032806396484,77.95454406738281,82.20000457763672,61.23046875,99.94574737548828,18.608701705932617,41.32286744097452,41252.0,33.101287841796875,28.967010498046875,20.5625,27.44384765625,41.5
1970-11-27 17:56:54.994,20.18462562561035,80.0,148.095703125,77.95454406738281,81.80000305175781,61.23046875,99.94574737548828,18.639503479003903,41.641451683180165,41252.0,29.048614501953125,26.219894409179688,24.53355407714844,26.65509033203125,41.5
1970-11-27 17:56:55.994,20.18462562561035,80.0,148.095703125,77.95454406738281,81.80000305175781,61.23046875,99.94574737548828,18.639503479003903,41.641451683180165,41252.0,29.048614501953125,26.219894409179688,24.53355407714844,26.65509033203125,41.5
1970-11-27 17:56:56.992,20.164770126342773,80.0,148.78743743896484,78.03030395507812,82.30000305175781,61.23046875,99.94574737548828,18.71712875366211,39.02052714552683,41252.0,33.69966125488281,25.648712158203125,22.711212158203125,27.52545166015625,41.5
1970-11-27 17:56:57.995,20.164770126342773,80.0,148.78743743896484,78.03030395507812,82.30000305175781,61.23046875,99.94574737548828,18.71712875366211,39.02052714552683,41252.0,33.69966125488281,25.648712158203125,22.711212158203125,27.52545166015625,41.5
1970-11-27 17:56:58.991,20.141056060791016,80.0,147.81087493896484,78.03030395507812,81.9000015258789,61.23046875,99.94574737548828,18.76944732666016,42.51817672334686,41252.0,31.95892333984375,27.82464599609375,19.74652099609375,27.280670166015625,41.5
1970-11-27 17:56:59.993,20.060550689697266,79.93975830078125,147.55045318603516,77.95454406738281,81.0,61.23046875,99.94574737548828,18.830406188964844,41.63970669472401,41252.0,34.053253173828125,25.376724243164062,22.520828247070312,23.11920166015625,41.5
1970-11-27 17:57:01.005,20.060550689697266,79.93975830078125,147.55045318603516,77.95454406738281,81.0,61.23046875,99.94574737548828,18.830406188964844,41.63970669472401,41252.0,34.053253173828125,25.376724243164062,22.520828247070312,23.11920166015625,41.5
1970-11-27 17:57:02.004,19.956344604492188,80.0,148.291015625,78.03030395507812,81.5999984741211,61.23046875,99.94574737548828,18.882976531982425,42.09293442565292,41252.0,26.16552734375,24.15277099609375,23.962371826171875,26.70947265625,41.5
1970-11-27 17:57:02.992,19.94136428833008,80.06024169921875,148.6735076904297,78.03030395507812,81.9000015258789,61.23046875,99.94574737548828,18.91099548339844,39.39656191887952,41252.0,29.347808837890625,27.715850830078125,25.567123413085938,24.85995483398437,41.5
1970-11-27 17:57:03.991,19.94136428833008,80.06024169921875,148.6735076904297,78.03030395507812,81.9000015258789,61.23046875,99.94574737548828,18.91099548339844,39.39656191887952,41252.0,29.347808837890625,27.715850830078125,25.567123413085938,24.85995483398437,41.5
1970-11-27 17:57:04.992,19.91280746459961,80.0,148.73046875,78.03030395507812,81.5,61.23046875,99.94574737548828,18.98204231262207,40.960982643179925,41252.0,27.008697509765625,27.66143798828125,22.276031494140625,22.79281616210937,41.5
1970-11-27 17:57:06.004,19.88643264770508,79.93975830078125,149.30013275146484,78.03030395507812,82.20000457763672,61.23046875,99.94574737548828,19.043975830078125,40.46635309179224,41252.0,29.184616088867188,24.778350830078125,25.458328247070312,27.19906616210937,41.5
1970-11-27 17:57:06.994,19.88643264770508,79.93975830078125,149.30013275146484,78.03030395507812,82.20000457763672,61.23046875,99.94574737548828,19.043975830078125,40.46635309179224,41252.0,29.184616088867188,24.778350830078125,25.458328247070312,27.19906616210937,41.5
1970-11-27 17:57:08.003,19.85753059387207,79.93975830078125,149.30013275146484,77.95454406738281,82.30000305175781,61.23046875,99.94574737548828,19.071134567260746,39.591369566898294,41252.0,33.42767333984375,26.8726806640625,26.083892822265625,25.077545166015625,41.5
1970-11-27 17:57:08.992,19.81995964050293,80.06024169921875,149.5035858154297,78.03030395507812,82.4000015258789,61.23046875,99.94574737548828,19.123262405395508,42.89237941456596,41252.0,34.10765075683594,28.25982666015625,22.22163391113281,29.238998413085938,41.5
1970-11-27 17:57:09.990,19.81995964050293,80.06024169921875,149.5035858154297,78.03030395507812,82.4000015258789,61.23046875,99.94574737548828,19.123262405395508,42.89237941456596,41252.0,34.10765075683594,28.25982666015625,22.22163391113281,29.238998413085938,41.5
1970-11-27 17:57:10.994,19.841110229492188,80.0,149.1780548095703,77.95454406738281,82.0,61.23046875,99.94574737548828,19.177305221557617,42.8845173678216,41252.0,34.29803466796875,26.62788391113281,24.15277099609375,24.315963745117188,41.5
1970-11-27 17:57:12.003,19.880765914916992,79.93975830078125,148.10384368896484,77.95454406738281,81.30000305175781,61.23046875,99.94574737548828,19.20326042175293,43.33841652222191,41252.0,31.632537841796875,26.328689575195312,23.39120483398437,27.171875,41.5
1970-11-27 17:57:12.992,19.880765914916992,79.93975830078125,148.10384368896484,77.95454406738281,81.30000305175781,61.23046875,99.94574737548828,19.20326042175293,43.33841652222191,41252.0,31.632537841796875,26.328689575195312,23.39120483398437,27.171875,41.5
1970-11-27 17:57:14.002,19.93539428710937,80.0,147.4528045654297,78.03030395507812,81.9000015258789,61.23046875,99.94574737548828,19.255353927612305,40.53912546709265,41252.0,30.952545166015625,27.6070556640625,22.65682983398437,22.95600891113281,41.5
1970-11-27 17:57:14.992,20.048736572265625,80.0,147.75390625,78.03030395507812,82.4000015258789,61.23046875,99.94574737548828,19.3249740600586,39.11910016561205,41252.0,30.46298217773437,24.125564575195312,22.493621826171875,24.15277099609375,41.5
1970-11-27 17:57:16.001,20.048736572265625,80.0,147.75390625,78.03030395507812,82.4000015258789,61.23046875,99.94574737548828,19.3249740600586,39.11910016561205,41252.0,30.46298217773437,24.125564575195312,22.493621826171875,24.15277099609375,41.5
1970-11-27 17:57:16.990,20.07011604309082,80.0,147.9248046875,78.03030395507812,82.5,61.23046875,99.94574737548828,19.35310173034668,37.97320765622611,41252.0,28.99423217773437,27.634246826171875,19.909713745117188,26.41029357910156,41.5
1970-11-27 17:57:17.995,20.04082679748535,80.0,148.51888275146484,77.95454406738281,82.5999984741211,61.23046875,99.94574737548828,19.408870697021484,39.65519880957423,41252.0,28.55903625488281,27.33505249023437,25.050338745117188,22.73841857910156,41.5
1970-11-27 17:57:18.994,20.04082679748535,80.0,148.51888275146484,77.95454406738281,82.5999984741211,61.23046875,99.94574737548828,19.408870697021484,39.65519880957423,41252.0,28.55903625488281,27.33505249023437,25.050338745117188,22.73841857910156,41.5
1970-11-27 17:57:19.992,20.06362533569336,80.0,148.42935943603516,78.03030395507812,82.30000305175781,61.23046875,99.94574737548828,19.47061538696289,40.34744243766445,41252.0,31.8773193359375,27.552642822265625,23.3367919921875,24.234375,41.5
1970-11-27 17:57:20.994,20.07076835632324,80.0,148.9990234375,78.03030395507812,82.5,61.23046875,99.94574737548828,19.491106033325195,38.886463978481906,41252.0,32.4757080078125,23.52719116210937,24.778350830078125,25.567123413085938,41.5
1970-11-27 17:57:21.993,20.07076835632324,80.0,148.9990234375,78.03030395507812,82.5,61.23046875,99.94574737548828,19.491106033325195,38.886463978481906,41252.0,32.4757080078125,23.52719116210937,24.778350830078125,25.567123413085938,41.5
1970-11-27 17:57:22.991,20.092575073242188,80.0,149.32454681396484,78.03030395507812,82.30000305175781,61.23046875,99.94574737548828,19.54509162902832,40.49412585330809,41252.0,31.19735717773437,23.445587158203125,23.85357666015625,24.20716857910156,41.5
1970-11-27 17:57:24.004,20.087438583374023,80.06024169921875,148.3154296875,78.03030395507812,82.5,61.23046875,99.94574737548828,19.597797393798828,39.35410146014809,41252.0,33.48207092285156,26.60067749023437,22.439239501953125,24.343170166015625,41.5
1970-11-27 17:57:24.994,20.087438583374023,80.06024169921875,148.3154296875,78.03030395507812,82.5,61.23046875,99.94574737548828,19.597797393798828,39.35410146014809,41252.0,33.48207092285156,26.60067749023437,22.439239501953125,24.343170166015625,41.5
1970-11-27 17:57:25.991,19.992393493652344,80.0,148.01431274414062,77.95454406738281,82.20000457763672,61.23046875,99.94574737548828,19.623435974121094,43.41366669681424,41252.0,32.74769592285156,25.784713745117188,23.010406494140625,26.111114501953125,41.5
1970-11-27 17:57:26.991,19.96051025390625,79.93975830078125,147.7701873779297,77.95454406738281,81.30000305175781,61.23046875,99.94574737548828,19.667518615722656,42.831260052502344,41252.0,28.28704833984375,26.165496826171875,23.880767822265625,25.5399169921875,41.5
1970-11-27 17:57:27.991,19.971153259277344,80.0,147.0865936279297,77.95454406738281,81.4000015258789,61.23046875,99.94574737548828,19.693254470825195,40.55399299526791,41252.0,27.579864501953125,25.811920166015625,22.24884033203125,21.786453247070312,41.5
1970-11-27 17:57:28.991,19.971153259277344,80.0,147.0865936279297,77.95454406738281,81.4000015258789,61.23046875,99.94574737548828,19.693254470825195,40.55399299526791,41252.0,27.579864501953125,25.811920166015625,22.24884033203125,21.786453247070312,41.5
1970-11-27 17:57:29.994,19.97146224975586,80.06024169921875,149.03157806396484,78.03030395507812,81.4000015258789,61.23046875,99.94574737548828,19.74978828430176,41.26255162213997,41252.0,28.776626586914062,25.75750732421875,18.903350830078125,26.2742919921875,41.5
1970-11-27 17:57:31.002,19.99739456176757,79.93975830078125,147.98177337646484,78.03030395507812,82.9000015258789,61.23046875,99.94574737548828,19.77652931213379,38.54813182335575,41252.0,33.672454833984375,28.749420166015625,24.45196533203125,25.104736328125,41.5
1970-11-27 17:57:32.004,19.99739456176757,79.93975830078125,147.98177337646484,78.03030395507812,82.9000015258789,61.23046875,99.94574737548828,19.77652931213379,38.54813182335575,41252.0,33.672454833984375,28.749420166015625,24.45196533203125,25.104736328125,41.5
1970-11-27 17:57:32.990,19.97007179260254,79.93975830078125,148.29915618896484,78.03030395507812,82.80000305175781,61.23046875,99.94574737548828,19.830211639404297,39.4177309624225,41252.0,28.477447509765625,28.368621826171875,23.907989501953125,27.117462158203125,41.5
1970-11-27 17:57:34.002,19.932661056518555,80.0,148.29100799560547,78.03030395507812,81.9000015258789,61.23046875,99.94574737548828,19.88089370727539,43.34434204060972,41252.0,31.714126586914062,27.66143798828125,24.50634765625,24.914337158203125,41.5
1970-11-27 17:57:34.993,19.932661056518555,80.0,148.29100799560547,78.03030395507812,81.9000015258789,61.23046875,99.94574737548828,19.88089370727539,43.34434204060972,41252.0,31.714126586914062,27.66143798828125,24.50634765625,24.914337158203125,41.5
1970-11-27 17:57:35.994,19.95730400085449,80.0,147.50975799560547,78.03030395507812,82.0999984741211,61.23046875,99.94574737548828,19.91361427307129,41.84480886903127,41252.0,31.115753173828125,26.519088745117188,24.615142822265625,24.45196533203125,41.5
1970-11-27 17:57:37.005,19.982166290283203,79.93975830078125,147.61556243896484,77.95454406738281,81.9000015258789,61.23046875,99.94574737548828,19.961462020874023,42.141697967147145,41252.0,30.435775756835938,25.6759033203125,21.81365966796875,23.989578247070312,41.5
1970-11-27 17:57:38.001,19.982166290283203,79.93975830078125,147.61556243896484,77.95454406738281,81.9000015258789,61.23046875,99.94574737548828,19.961462020874023,42.141697967147145,41252.0,30.435775756835938,25.6759033203125,21.81365966796875,23.989578247070312,41.5
1970-11-27 17:57:38.994,20.007617950439453,80.0,148.1526641845703,78.03030395507812,82.20000457763672,61.23046875,99.94574737548828,20.007781982421875,42.77139292303709,41252.0,31.79571533203125,30.32696533203125,23.47279357910156,22.65682983398437,41.5
1970-11-27 17:57:39.992,20.011962890625,80.06024169921875,148.2503204345703,78.03030395507812,81.9000015258789,61.23046875,99.94574737548828,20.035829544067383,40.15086038624357,41252.0,29.45660400390625,27.634246826171875,22.629623413085938,26.111114501953125,41.5
1970-11-27 17:57:40.991,20.011962890625,80.06024169921875,148.2503204345703,78.03030395507812,81.9000015258789,61.23046875,99.94574737548828,20.035829544067383,40.15086038624357,41252.0,29.45660400390625,27.634246826171875,22.629623413085938,26.111114501953125,41.5
1970-11-27 17:57:41.993,19.944690704345703,80.0,148.4293670654297,78.03030395507812,81.80000305175781,61.23046875,99.94574737548828,20.093738555908203,41.08603112512267,41252.0,31.33334350585937,26.46469116210937,23.41839599609375,26.247100830078125,41.5
1970-11-27 17:57:42.990,19.94791030883789,79.93975830078125,148.4537811279297,78.03030395507812,81.69999694824219,61.23046875,99.94574737548828,20.137325286865234,41.59645195989845,41252.0,30.46298217773437,24.778350830078125,27.44384765625,23.52719116210937,41.5
1970-11-27 17:57:43.993,19.94791030883789,79.93975830078125,148.4537811279297,78.03030395507812,81.69999694824219,61.23046875,99.94574737548828,20.137325286865234,41.59645195989845,41252.0,30.46298217773437,24.778350830078125,27.44384765625,23.52719116210937,41.5
1970-11-27 17:57:44.991,19.98669815063477,80.0,148.583984375,77.95454406738281,82.20000457763672,61.23046875,99.94574737548828,20.1696891784668,39.556680993389875,41252.0,34.189239501953125,25.567108154296875,24.8055419921875,23.744781494140625,41.5
1970-11-27 17:57:46.003,20.030044555664062,80.06024169921875,147.17610931396484,78.03030395507812,82.20000457763672,61.23046875,99.94574737548828,20.21761512756348,42.188971264328416,41252.0,33.672454833984375,27.38946533203125,20.671295166015625,25.73031616210937,41.5
1970-11-27 17:57:46.993,20.030044555664062,80.06024169921875,147.17610931396484,78.03030395507812,82.20000457763672,61.23046875,99.94574737548828,20.21761512756348,42.188971264328416,41252.0,33.672454833984375,27.38946533203125,20.671295166015625,25.73031616210937,41.5
1970-11-27 17:57:47.992,20.09730339050293,80.0,147.8759765625,78.03030395507812,82.4000015258789,61.23046875,99.94574737548828,20.276227951049805,40.76382726213666,41252.0,32.666107177734375,27.307861328125,22.05844116210937,23.907989501953125,41.5
1970-11-27 17:57:48.990,20.071510314941406,79.93975830078125,147.99805450439453,78.03030395507812,82.4000015258789,61.23046875,99.94574737548828,20.327878952026367,42.362771983413495,41252.0,30.245376586914062,30.38134765625,25.050338745117188,23.69038391113281,41.5
1970-11-27 17:57:50.003,20.071510314941406,79.93975830078125,147.99805450439453,78.03030395507812,82.4000015258789,61.23046875,99.94574737548828,20.327878952026367,42.362771983413495,41252.0,30.245376586914062,30.38134765625,25.050338745117188,23.69038391113281,41.5
1970-11-27 17:57:50.992,20.021957397460938,80.0,147.96549224853516,77.95454406738281,81.5,61.23046875,99.94574737548828,20.35412979125977,41.927076006032806,41252.0,28.99423217773437,25.295135498046875,22.6024169921875,27.0086669921875,41.5
1970-11-27 17:57:52.002,20.029521942138672,80.06024169921875,148.7548828125,77.95454406738281,82.20000457763672,61.23046875,99.94574737548828,20.41164779663086,38.94057852988381,41252.0,28.53182983398437,25.431121826171875,24.12557983398437,25.18634033203125,41.5
1970-11-27 17:57:53.003,20.029521942138672,80.06024169921875,148.7548828125,77.95454406738281,82.20000457763672,61.23046875,99.94574737548828,20.41164779663086,38.94057852988381,41252.0,28.53182983398437,25.431121826171875,24.12557983398437,25.18634033203125,41.5
1970-11-27 17:57:53.994,20.030792236328125,80.0,150.0732421875,78.03030395507812,81.9000015258789,61.23046875,99.94574737548828,20.46869850158692,40.44159040113107,41252.0,31.82293701171875,28.06942749023437,23.11920166015625,27.36225891113281,41.5
1970-11-27 17:57:54.994,20.03898811340332,80.0,149.64192962646484,78.03030395507812,81.9000015258789,61.23046875,99.94574737548828,20.49122428894043,42.10318534739626,41252.0,30.299774169921875,26.954269409179688,18.957748413085938,27.552642822265625,41.5
1970-11-27 17:57:56.004,20.03898811340332,80.0,149.64192962646484,78.03030395507812,81.9000015258789,61.23046875,99.94574737548828,20.49122428894043,42.10318534739626,41252.0,30.299774169921875,26.954269409179688,18.957748413085938,27.552642822265625,41.5
1970-11-27 17:57:57.002,20.01980400085449,80.06024169921875,151.43228912353516,77.95454406738281,82.20000457763672,61.23046875,99.94574737548828,20.536277770996094,40.18738654761088,41252.0,28.12384033203125,27.987838745117188,27.0086669921875,26.00230407714844,41.5
1970-11-27 17:57:57.990,20.01980400085449,80.06024169921875,151.43228912353516,77.95454406738281,82.20000457763672,61.23046875,99.94574737548828,20.536277770996094,40.18738654761088,41252.0,28.12384033203125,27.987838745117188,27.0086669921875,26.00230407714844,41.5
1970-11-27 17:57:58.994,19.94157791137696,80.0,151.1555938720703,78.03030395507812,82.5,61.23046875,99.94574737548828,20.588699340820312,39.52247834316741,41252.0,28.72222900390625,23.66317749023437,25.62152099609375,26.41029357910156,41.5
1970-11-27 17:57:59.992,19.912878036499023,79.93975830078125,152.880859375,78.03030395507812,81.80000305175781,61.23046875,99.94574737548828,20.6494140625,43.69015686944251,41252.0,30.163787841796875,28.85821533203125,26.2742919921875,26.763885498046875,41.5
1970-11-27 17:58:00.991,19.912878036499023,79.93975830078125,152.880859375,78.03030395507812,81.80000305175781,61.23046875,99.94574737548828,20.6494140625,43.69015686944251,41252.0,30.163787841796875,28.85821533203125,26.2742919921875,26.763885498046875,41.5
1970-11-27 17:58:02.004,19.90086936950684,80.0,152.9459686279297,78.03030395507812,82.0999984741211,61.23046875,99.94574737548828,20.680316925048828,40.88597428718833,41252.0,31.034149169921875,28.042236328125,24.26156616210937,25.15913391113281,41.5
1970-11-27 17:58:02.992,19.89860916137696,80.0,153.53189849853516,77.95454406738281,82.0,61.23046875,99.94574737548828,20.73427963256836,42.6788454117199,41252.0,31.22454833984375,26.818267822265625,23.3367919921875,24.696746826171875,41.5
1970-11-27 17:58:03.992,19.89860916137696,80.0,153.53189849853516,77.95454406738281,82.0,61.23046875,99.94574737548828,20.73427963256836,42.6788454117199,41252.0,31.22454833984375,26.818267822265625,23.3367919921875,24.696746826171875,41.5
1970-11-27 17:58:04.994,19.9282169342041,79.93975830078125,154.13412475585938,78.03030395507812,81.69999694824219,61.23046875,99.94574737548828,20.79164123535156,43.283513549081775,41252.0,33.29168701171875,27.280670166015625,23.989578247070312,24.99594116210937,41.5
1970-11-27 17:58:05.994,19.896068572998047,80.0,154.8828125,78.03030395507812,82.4000015258789,61.23046875,99.94574737548828,20.8269271850586,40.02528742904747,41252.0,32.63890075683594,28.450225830078125,24.479156494140625,24.179962158203125,41.5
1970-11-27 17:58:07.005,19.896068572998047,80.0,154.8828125,78.03030395507812,82.4000015258789,61.23046875,99.94574737548828,20.8269271850586,40.02528742904747,41252.0,32.63890075683594,28.450225830078125,24.479156494140625,24.179962158203125,41.5
1970-11-27 17:58:07.994,19.885154724121094,80.0,155.11067962646484,78.03030395507812,83.0,61.23046875,99.94574737548828,20.87662124633789,41.88907738950509,41252.0,28.831024169921875,31.088531494140625,23.11920166015625,29.837371826171875,41.5
1970-11-27 17:58:09.005,19.962099075317383,79.93975830078125,154.8990936279297,78.03030395507812,81.69999694824219,61.23046875,99.94574737548828,20.93130683898925,42.230239112988876,41252.0,29.83740234375,25.784713745117188,23.092010498046875,25.26792907714844,41.5
1970-11-27 17:58:09.991,19.962099075317383,79.93975830078125,154.8990936279297,78.03030395507812,81.69999694824219,61.23046875,99.94574737548828,20.93130683898925,42.230239112988876,41252.0,29.83740234375,25.784713745117188,23.092010498046875,25.26792907714844,41.5
1970-11-27 17:58:11.002,20.03290367126465,80.0,155.75357818603516,78.03030395507812,81.69999694824219,61.23046875,99.94574737548828,20.96116065979004,43.10676985866243,41252.0,31.686920166015625,22.493621826171875,22.24884033203125,24.0711669921875,41.5
1970-11-27 17:58:11.992,20.113847732543945,80.0,153.70279693603516,78.03030395507812,82.0,61.23046875,99.94574737548828,21.015310287475582,42.47763390634197,41252.0,31.442138671875,25.86630249023437,18.821746826171875,22.874420166015625,41.5
1970-11-27 17:58:12.995,20.113847732543945,80.0,153.70279693603516,78.03030395507812,82.0,61.23046875,99.94574737548828,21.015310287475582,42.47763390634197,41252.0,31.442138671875,25.86630249023437,18.821746826171875,22.874420166015625,41.5
1970-11-27 17:58:13.990,20.156681060791016,80.0,154.1748046875,77.95454406738281,82.0,61.23046875,99.94574737548828,21.06971740722656,40.87708236617547,41252.0,28.232650756835938,22.38482666015625,20.45370483398437,29.619781494140625,41.5
1970-11-27 17:58:15.002,20.12730598449707,79.93975830078125,154.1096954345703,77.95454406738281,81.80000305175781,61.23046875,99.94574737548828,21.09330177307129,43.41502363656781,41252.0,32.203704833984375,27.063064575195312,23.3367919921875,23.227996826171875,41.5
1970-11-27 17:58:15.990,20.15846824645996,80.0,154.14225006103516,78.03030395507812,82.30000305175781,61.23046875,99.94574737548828,21.116886138916016,41.48386441164846,41252.0,35.03240966796875,23.635986328125,25.376739501953125,25.431121826171875,41.5
1970-11-27 17:58:17.002,20.15846824645996,80.0,154.14225006103516,78.03030395507812,82.30000305175781,61.23046875,99.94574737548828,21.116886138916016,41.48386441164846,41252.0,35.03240966796875,23.635986328125,25.376739501953125,25.431121826171875,41.5
1970-11-27 17:58:17.994,20.160524368286133,80.0,154.50846099853516,78.03030395507812,81.69999694824219,61.23046875,99.94574737548828,21.16405487060547,40.274474520670495,41252.0,30.62615966796875,27.93344116210937,23.744781494140625,25.92071533203125,41.5
1970-11-27 17:58:18.991,20.122732162475582,80.0,152.9296875,78.03030395507812,82.30000305175781,61.23046875,99.94574737548828,21.21122360229492,41.746035371963536,41252.0,30.87095642089844,30.46295166015625,22.276031494140625,25.811920166015625,41.5
1970-11-27 17:58:20.000,20.122732162475582,80.0,152.9296875,78.03030395507812,82.30000305175781,61.23046875,99.94574737548828,21.21122360229492,41.746035371963536,41252.0,30.87095642089844,30.46295166015625,22.276031494140625,25.811920166015625,41.5
1970-11-27 17:58:21.005,20.09393119812012,80.06024169921875,153.57259368896484,78.03030395507812,82.4000015258789,61.23046875,99.94574737548828,21.23480796813965,41.53634202616096,41252.0,27.715866088867188,27.96063232421875,23.9351806640625,26.79107666015625,41.5
1970-11-27 17:58:21.994,20.00748062133789,80.06024169921875,153.6214141845703,78.03030395507812,81.30000305175781,61.23046875,99.94574737548828,21.28197860717773,43.954220537858056,41252.0,32.720489501953125,27.715850830078125,22.38482666015625,26.763885498046875,41.5
1970-11-27 17:58:22.993,20.00748062133789,80.06024169921875,153.6214141845703,78.03030395507812,81.30000305175781,61.23046875,99.94574737548828,21.28197860717773,43.954220537858056,41252.0,32.720489501953125,27.715850830078125,22.38482666015625,26.763885498046875,41.5
1970-11-27 17:58:23.994,19.931339263916016,80.0,154.7119140625,78.03030395507812,81.5999984741211,61.23046875,99.94574737548828,21.325883865356445,42.8439712789631,41252.0,30.19097900390625,23.391189575195312,24.560760498046875,26.573486328125,41.5
1970-11-27 17:58:25.002,19.931339263916016,80.0,154.7119140625,78.03030395507812,81.5999984741211,61.23046875,99.94574737548828,21.325883865356445,42.8439712789631,41252.0,30.19097900390625,23.391189575195312,24.560760498046875,26.573486328125,41.5
1970-11-27 17:58:26.001,19.91987609863281,79.93975830078125,153.28775787353516,78.03030395507812,81.80000305175781,61.23046875,99.94574737548828,21.347803115844727,42.0744302430774,41252.0,29.375,26.301483154296875,20.72567749023437,23.69038391113281,41.5
1970-11-27 17:58:26.994,19.912187576293945,80.0,153.72721099853516,77.95454406738281,81.5,61.23046875,99.94574737548828,21.40851402282715,42.442626292407624,41252.0,28.99423217773437,22.38482666015625,20.78009033203125,20.290496826171875,41.5
1970-11-27 17:58:27.993,19.912187576293945,80.0,153.72721099853516,77.95454406738281,81.5,61.23046875,99.94574737548828,21.40851402282715,42.442626292407624,41252.0,28.99423217773437,22.38482666015625,20.78009033203125,20.290496826171875,41.5
1970-11-27 17:58:28.994,19.92611694335937,80.06024169921875,153.8899688720703,78.03030395507812,82.4000015258789,61.23046875,99.94574737548828,21.42461395263672,41.39700990444744,41252.0,30.163787841796875,26.60067749023437,21.677642822265625,22.167236328125,41.5
1970-11-27 17:58:30.004,19.9331111907959,79.93975830078125,154.248046875,78.03030395507812,81.0999984741211,61.23046875,99.94574737548828,21.45415306091309,43.44841015775894,41252.0,27.280670166015625,26.1383056640625,27.82464599609375,24.58795166015625,41.5
1970-11-27 17:58:30.992,19.9331111907959,79.93975830078125,154.248046875,78.03030395507812,81.0999984741211,61.23046875,99.94574737548828,21.45415306091309,43.44841015775894,41252.0,27.280670166015625,26.1383056640625,27.82464599609375,24.58795166015625,41.5
1970-11-27 17:58:31.992,19.89159202575684,79.93975830078125,154.13411712646484,78.03030395507812,82.0999984741211,61.23046875,99.94574737548828,21.472427368164062,40.87840633208241,41252.0,31.714126586914062,24.99594116210937,23.608795166015625,27.22625732421875,41.5
1970-11-27 17:58:32.993,19.919172286987305,80.06024169921875,154.4514923095703,78.03030395507812,82.30000305175781,61.23046875,99.94574737548828,21.511228561401367,41.743587015816615,41252.0,32.53009033203125,28.85821533203125,23.66317749023437,27.552642822265625,41.5
1970-11-27 17:58:34.003,19.961151123046875,80.0,153.0110626220703,77.95454406738281,82.4000015258789,61.23046875,99.94574737548828,21.52773094177246,41.5505675277142,41252.0,30.2725830078125,26.328689575195312,23.227996826171875,27.117462158203125,41.5
1970-11-27 17:58:34.992,19.961151123046875,80.0,153.0110626220703,77.95454406738281,82.4000015258789,61.23046875,99.94574737548828,21.52773094177246,41.5505675277142,41252.0,30.2725830078125,26.328689575195312,23.227996826171875,27.117462158203125,41.5
1970-11-27 17:58:36.004,19.99462890625,79.93975830078125,153.1005859375,78.03030395507812,81.80000305175781,61.23046875,99.94574737548828,21.56540870666504,43.427270812474056,41252.0,30.979751586914062,24.26156616210937,21.51446533203125,25.73031616210937,41.5
1970-11-27 17:58:36.990,20.032365798950195,79.93975830078125,153.6946563720703,78.03030395507812,82.0999984741211,61.23046875,99.94574737548828,21.58980941772461,41.257643227774416,41252.0,29.211822509765625,26.73667907714844,25.02313232421875,24.642364501953125,41.5
1970-11-27 17:58:37.990,20.032365798950195,79.93975830078125,153.6946563720703,78.03030395507812,82.0999984741211,61.23046875,99.94574737548828,21.58980941772461,41.257643227774416,41252.0,29.211822509765625,26.73667907714844,25.02313232421875,24.642364501953125,41.5
1970-11-27 17:58:39.005,20.00414657592773,80.06024169921875,154.052734375,78.03030395507812,81.4000015258789,61.23046875,99.94574737548828,21.62686538696289,40.70179541556994,41252.0,29.782989501953125,26.818267822265625,24.01678466796875,20.072906494140625,41.5
1970-11-27 17:58:39.993,19.974803924560547,80.0,154.38639068603516,77.95454406738281,82.0999984741211,61.23046875,99.94574737548828,21.649391174316406,40.46441678483273,41252.0,33.101287841796875,24.479156494140625,23.146392822265625,25.26792907714844,41.5
1970-11-27 17:58:41.002,19.974803924560547,80.0,154.38639068603516,77.95454406738281,82.0999984741211,61.23046875,99.94574737548828,21.649391174316406,40.46441678483273,41252.0,33.101287841796875,24.479156494140625,23.146392822265625,25.26792907714844,41.5
1970-11-27 17:58:41.995,20.01133155822754,79.93975830078125,153.8818359375,78.03030395507812,82.70000457763672,61.23046875,99.94574737548828,21.68544006347656,41.750142517404946,41252.0,31.27894592285156,26.247100830078125,26.32870483398437,23.826385498046875,41.5
1970-11-27 17:58:42.994,20.038379669189453,80.0,153.32845306396484,77.95454406738281,82.4000015258789,61.23046875,99.94213104248048,21.71714782714844,40.97844807318414,41252.0,30.109375,27.770233154296875,24.043975830078125,26.49188232421875,41.5
1970-11-27 17:58:44.002,20.038379669189453,80.0,153.32845306396484,77.95454406738281,82.4000015258789,61.23046875,99.94213104248048,21.71714782714844,40.97844807318414,41252.0,30.109375,27.770233154296875,24.043975830078125,26.49188232421875,41.5
1970-11-27 17:58:45.005,20.05796432495117,80.0,152.52278900146484,78.03030395507812,81.80000305175781,61.23046875,99.94574737548828,21.73212432861328,42.52518336083073,41253.0,32.96528625488281,25.02313232421875,24.39755249023437,24.50634765625,41.5
1970-11-27 17:58:45.992,20.05646514892578,80.0,153.8492889404297,78.03030395507812,82.5,61.23046875,99.94574737548828,21.76099967956543,39.62970078829416,41253.0,30.49017333984375,23.4727783203125,23.69038391113281,28.885406494140625,41.5
1970-11-27 17:58:47.001,20.05646514892578,80.0,153.8492889404297,78.03030395507812,82.5,61.23046875,99.94574737548828,21.76099967956543,39.62970078829416,41253.0,30.49017333984375,23.4727783203125,23.69038391113281,28.885406494140625,41.5
1970-11-27 17:58:48.002,19.984493255615234,80.0,152.294921875,78.03030395507812,82.30000305175781,61.23046875,99.94574737548828,21.78710174560547,41.71087927327077,41253.0,31.850128173828125,23.880767822265625,25.648712158203125,26.46469116210937,41.5
1970-11-27 17:58:48.990,20.00090408325196,80.0,152.4332733154297,77.95454406738281,81.5,61.23046875,99.94574737548828,21.804054260253903,42.01832383294134,41253.0,33.890045166015625,26.899871826171875,19.828125,26.70947265625,41.5
1970-11-27 17:58:50.002,20.00090408325196,80.0,152.4332733154297,77.95454406738281,81.5,61.23046875,99.94574737548828,21.804054260253903,42.01832383294134,41253.0,33.890045166015625,26.899871826171875,19.828125,26.70947265625,41.5
1970-11-27 17:58:51.003,20.03558349609375,80.0,153.01920318603516,78.03030395507812,81.80000305175781,61.23046875,99.94574737548828,21.81981468200684,43.49667492224223,41253.0,24.5335693359375,23.363983154296875,22.82000732421875,24.778350830078125,41.5
1970-11-27 17:58:52.003,20.05794334411621,80.0,152.57975006103516,78.03030395507812,81.4000015258789,61.23046875,99.94574737548828,21.84975242614746,42.872533826340636,41253.0,28.749420166015625,25.89350891113281,25.62152099609375,27.22625732421875,41.5
1970-11-27 17:58:53.001,20.05794334411621,80.0,152.57975006103516,78.03030395507812,81.4000015258789,61.23046875,99.94574737548828,21.84975242614746,42.872533826340636,41253.0,28.749420166015625,25.89350891113281,25.62152099609375,27.22625732421875,41.5
1970-11-27 17:58:53.993,20.06942176818848,80.0,153.59700775146484,78.03030395507812,81.9000015258789,61.23046875,99.94574737548828,21.86132431030273,41.585989545679645,41253.0,32.04052734375,25.213531494140625,27.661453247070312,23.11920166015625,41.5
1970-11-27 17:58:55.001,20.008419036865234,80.0,153.857421875,78.03030395507812,81.69999694824219,61.23046875,99.94574737548828,21.889881134033203,42.62368298180755,41253.0,32.067718505859375,25.6759033203125,24.179962158203125,22.6024169921875,41.5
1970-11-27 17:58:55.992,20.008419036865234,80.0,153.857421875,78.03030395507812,81.69999694824219,61.23046875,99.94574737548828,21.889881134033203,42.62368298180755,41253.0,32.067718505859375,25.6759033203125,24.179962158203125,22.6024169921875,41.5
1970-11-27 17:58:56.992,19.950681686401367,80.0,153.4586639404297,77.95454406738281,81.80000305175781,61.23046875,99.94574737548828,21.91077423095703,41.387228351926396,41253.0,33.237274169921875,27.552642822265625,24.53355407714844,28.776611328125,41.5
1970-11-27 17:58:57.990,19.96940803527832,80.0,153.42611694335938,78.03030395507812,81.69999694824219,61.23046875,99.94574737548828,21.916154861450195,43.585338711509124,41253.0,35.05961608886719,27.44384765625,23.03759765625,25.104736328125,41.5
1970-11-27 17:58:58.994,19.96940803527832,80.0,153.42611694335938,78.03030395507812,81.69999694824219,61.23046875,99.94574737548828,21.916154861450195,43.585338711509124,41253.0,35.05961608886719,27.44384765625,23.03759765625,25.104736328125,41.5
1970-11-27 17:58:59.993,19.97476959228516,80.06024169921875,153.3121795654297,78.03030395507812,82.0999984741211,61.23046875,99.94574737548828,21.94593811035156,43.25726586464476,41253.0,33.12847900390625,28.09663391113281,23.363998413085938,24.832748413085938,41.5
1970-11-27 17:59:01.001,19.98125648498535,80.0,153.41796875,78.03030395507812,81.69999694824219,61.23046875,99.94574737548828,21.97063064575196,44.274762257452394,41253.0,31.33334350585937,27.117462158203125,24.20716857910156,19.6649169921875,41.5
1970-11-27 17:59:02.002,19.98125648498535,80.0,153.41796875,78.03030395507812,81.69999694824219,61.23046875,99.94574737548828,21.97063064575196,44.274762257452394,41253.0,31.33334350585937,27.117462158203125,24.20716857910156,19.6649169921875,41.5
1970-11-27 17:59:02.995,19.975976943969727,79.93975830078125,151.98567962646484,78.03030395507812,81.30000305175781,61.23046875,99.94574737548828,21.978778839111328,43.005395408169356,41253.0,29.184616088867188,23.146392822265625,20.372100830078125,26.35589599609375,41.5
1970-11-27 17:59:03.993,19.920196533203125,80.0,153.21451568603516,78.03030395507812,81.5,61.23046875,99.94574737548828,22.00358390808105,39.322245574458634,41253.0,28.178253173828125,26.19268798828125,22.73841857910156,23.52719116210937,41.5
1970-11-27 17:59:04.993,19.920196533203125,80.0,153.21451568603516,78.03030395507812,81.5,61.23046875,99.94574737548828,22.00358390808105,39.322245574458634,41253.0,28.178253173828125,26.19268798828125,22.73841857910156,23.52719116210937,41.5
1970-11-27 17:59:05.994,19.93295669555664,80.06024169921875,153.0354766845703,78.03030395507812,82.20000457763672,61.23046875,99.94574737548828,22.01223564147949,39.51773886883158,41253.0,29.02142333984375,25.24072265625,24.12557983398437,23.28240966796875,41.5
1970-11-27 17:59:06.991,19.96644401550293,79.93975830078125,153.1331329345703,78.03030395507812,82.5,61.23046875,99.94574737548828,22.023542404174805,39.45056885317172,41253.0,32.285308837890625,26.73667907714844,24.45196533203125,22.520828247070312,41.5
1970-11-27 17:59:07.994,19.96644401550293,79.93975830078125,153.1331329345703,78.03030395507812,82.5,61.23046875,99.94574737548828,22.023542404174805,39.45056885317172,41253.0,32.285308837890625,26.73667907714844,24.45196533203125,22.520828247070312,41.5
1970-11-27 17:59:08.995,19.98301124572754,79.93975830078125,153.14127349853516,78.03030395507812,82.4000015258789,61.23046875,99.94574737548828,22.05706596374512,41.90490006875156,41253.0,31.1429443359375,25.73031616210937,26.46469116210937,25.839111328125,41.5
1970-11-27 17:59:09.992,20.011329650878903,80.0,153.80859375,77.95454406738281,82.0,61.23046875,99.94574737548828,22.06440162658692,41.38599407150415,41253.0,32.77490234375,29.837371826171875,22.65682983398437,27.06307983398437,41.5
1970-11-27 17:59:10.990,20.011329650878903,80.0,153.80859375,77.95454406738281,82.0,61.23046875,99.94574737548828,22.06440162658692,41.38599407150415,41253.0,32.77490234375,29.837371826171875,22.65682983398437,27.06307983398437,41.5
1970-11-27 17:59:11.994,19.99486351013184,80.0,153.27962493896484,77.95454406738281,82.0,61.23046875,99.94574737548828,22.08440971374512,42.59849336076932,41253.0,34.29803466796875,26.818267822265625,23.962371826171875,26.111114501953125,41.5
1970-11-27 17:59:13.995,19.929012298583984,80.0,153.65396881103516,77.95454406738281,82.30000305175781,61.23046875,99.94574737548828,22.11055564880371,42.38201454327312,41253.0,31.79571533203125,26.383087158203125,20.317703247070312,25.32232666015625,41.5
1970-11-27 17:59:13.000,19.929012298583984,80.0,153.65396881103516,77.95454406738281,82.30000305175781,61.23046875,99.94574737548828,22.11055564880371,42.38201454327312,41253.0,31.79571533203125,26.383087158203125,20.317703247070312,25.32232666015625,41.5
1970-11-27 17:59:15.003,19.943246841430664,80.0,153.1656951904297,78.03030395507812,82.30000305175781,61.23046875,99.94574737548828,22.114171981811523,39.95349007579855,41253.0,31.27894592285156,27.416656494140625,21.378463745117188,25.567123413085938,41.5
1970-11-27 17:59:15.990,20.0061149597168,80.0,152.92154693603516,78.03030395507812,81.4000015258789,61.23046875,99.94574737548828,22.13552665710449,42.630910425298346,41253.0,29.347808837890625,28.776611328125,19.828125,21.92245483398437,41.5
1970-11-27 17:59:16.991,20.0061149597168,80.0,152.92154693603516,78.03030395507812,81.4000015258789,61.23046875,99.94574737548828,22.13552665710449,42.630910425298346,41253.0,29.347808837890625,28.776611328125,19.828125,21.92245483398437,41.5
1970-11-27 17:59:17.993,20.06159782409668,80.0,152.3600311279297,78.03030395507812,82.20000457763672,61.23046875,99.94574737548828,22.15087890625,41.157809595024936,41253.0,28.450241088867188,26.05670166015625,23.28240966796875,27.498260498046875,41.5
1970-11-27 17:59:18.994,20.073705673217773,80.0,152.8401641845703,77.95454406738281,82.20000457763672,61.23046875,99.94574737548828,22.16037940979004,39.67330954544405,41253.0,25.62153625488281,23.55438232421875,25.376739501953125,26.46469116210937,41.5
1970-11-27 17:59:19.991,20.073705673217773,80.0,152.8401641845703,77.95454406738281,82.20000457763672,61.23046875,99.94574737548828,22.16037940979004,39.67330954544405,41253.0,25.62153625488281,23.55438232421875,25.376739501953125,26.46469116210937,41.5
1970-11-27 17:59:20.993,20.003398895263672,80.0,153.5807342529297,78.03030395507812,82.5,61.23046875,99.94574737548828,22.188907623291016,40.96203466932481,41253.0,34.488433837890625,25.784713745117188,23.77197265625,25.15913391113281,41.5
1970-11-27 17:59:22.002,20.00257682800293,80.0,152.9378204345703,78.03030395507812,81.80000305175781,61.23046875,99.94574737548828,22.19434356689453,40.54014399199169,41253.0,30.2725830078125,24.6695556640625,25.947906494140625,27.579864501953125,41.5
1970-11-27 17:59:22.993,20.00257682800293,80.0,152.9378204345703,78.03030395507812,81.80000305175781,61.23046875,99.94574737548828,22.19434356689453,40.54014399199169,41253.0,30.2725830078125,24.6695556640625,25.947906494140625,27.579864501953125,41.5
1970-11-27 17:59:23.993,20.042137145996094,80.06024169921875,152.8727264404297,78.03030395507812,81.9000015258789,61.23046875,99.94574737548828,22.20088768005371,41.26786521165315,41253.0,33.237274169921875,28.06942749023437,25.104736328125,27.715850830078125,41.5
1970-11-27 17:59:24.993,20.078907012939453,80.0,152.1077423095703,78.03030395507812,81.69999694824219,61.23046875,99.94574737548828,22.225053787231445,42.797930585069246,41253.0,31.714126586914062,28.042236328125,23.55438232421875,23.85357666015625,41.5
1970-11-27 17:59:25.994,20.078907012939453,80.0,152.1077423095703,78.03030395507812,81.69999694824219,61.23046875,99.94574737548828,22.225053787231445,42.797930585069246,41253.0,31.714126586914062,28.042236328125,23.55438232421875,23.85357666015625,41.5
1970-11-27 17:59:26.995,20.096603393554688,80.0,152.0914764404297,77.95454406738281,82.20000457763672,61.23046875,99.94574737548828,22.23588180541992,40.89761615153855,41253.0,32.203704833984375,25.92071533203125,24.370361328125,24.778350830078125,41.5
1970-11-27 17:59:27.995,20.06320571899414,80.0,152.6692657470703,78.03030395507812,82.0999984741211,61.23046875,99.94213104248048,22.263301849365234,42.65025718473551,41253.0,30.84375,29.510986328125,23.47279357910156,25.431121826171875,41.5
1970-11-27 17:59:28.991,20.06320571899414,80.0,152.6692657470703,78.03030395507812,82.0999984741211,61.23046875,99.94213104248048,22.263301849365234,42.65025718473551,41253.0,30.84375,29.510986328125,23.47279357910156,25.431121826171875,41.5
1970-11-27 17:59:29.990,19.967533111572266,80.0,151.70899200439453,78.03030395507812,82.0,61.23046875,99.94574737548828,22.2586612701416,42.01487170659921,41253.0,29.81019592285156,25.97509765625,24.234375,25.02313232421875,41.5
1970-11-27 17:59:30.990,19.97869682312012,80.0,152.31119537353516,78.03030395507812,82.4000015258789,61.23046875,99.94574737548828,22.27733421325684,39.93906530574797,41253.0,32.3125,29.29339599609375,24.832748413085938,23.989578247070312,41.5
1970-11-27 17:59:32.004,19.97869682312012,80.0,152.31119537353516,78.03030395507812,82.4000015258789,61.23046875,99.94574737548828,22.27733421325684,39.93906530574797,41253.0,32.3125,29.29339599609375,24.832748413085938,23.989578247070312,41.5
1970-11-27 17:59:32.990,19.990131378173828,80.06024169921875,151.71712493896484,78.03030395507812,82.20000457763672,61.23046875,99.94574737548828,22.294782638549805,41.51579940281965,41253.0,28.58624267578125,25.512725830078125,22.901611328125,27.851837158203125,41.5
1970-11-27 17:59:33.994,19.969390869140625,80.0,152.35189819335938,78.03030395507812,82.30000305175781,61.23046875,99.94574737548828,22.304182052612305,40.64598882949216,41253.0,30.62615966796875,26.46469116210937,28.967010498046875,23.581588745117188,41.5
1970-11-27 17:59:34.992,19.969390869140625,80.0,152.35189819335938,78.03030395507812,82.30000305175781,61.23046875,99.94574737548828,22.304182052612305,40.64598882949216,41253.0,30.62615966796875,26.46469116210937,28.967010498046875,23.581588745117188,41.5
1970-11-27 17:59:35.995,19.945207595825195,79.93975830078125,152.9052734375,78.03030395507812,82.0999984741211,61.23046875,99.94574737548828,22.319469451904297,43.09029588029415,41253.0,26.79110717773437,30.190963745117188,25.811920166015625,26.192703247070312,41.5
1970-11-27 17:59:37.003,19.87848663330078,80.0,152.3762969970703,78.03030395507812,81.5999984741211,61.23046875,99.94574737548828,22.33686828613281,44.35670489842116,41253.0,30.218170166015625,26.682281494140625,25.703125,24.75115966796875,41.5
1970-11-27 17:59:38.001,19.87848663330078,80.0,152.3762969970703,78.03030395507812,81.5999984741211,61.23046875,99.94574737548828,22.33686828613281,44.35670489842116,41253.0,30.218170166015625,26.682281494140625,25.703125,24.75115966796875,41.5
1970-11-27 17:59:38.994,19.85881423950196,80.06024169921875,152.8564453125,78.03030395507812,82.30000305175781,61.23046875,99.94574737548828,22.348268508911133,41.6481334816531,41253.0,31.850128173828125,23.880767822265625,23.635986328125,24.479156494140625,41.5
1970-11-27 17:59:40.002,19.88715553283692,79.93975830078125,152.17285919189453,78.03030395507812,82.4000015258789,61.23046875,99.94574737548828,22.362689971923828,41.17906791640646,41253.0,31.79571533203125,25.86630249023437,25.02313232421875,24.043975830078125,41.5
1970-11-27 17:59:41.004,19.88715553283692,79.93975830078125,152.17285919189453,78.03030395507812,82.4000015258789,61.23046875,99.94574737548828,22.362689971923828,41.17906791640646,41253.0,31.79571533203125,25.86630249023437,25.02313232421875,24.043975830078125,41.5
1970-11-27 17:59:41.990,19.92000389099121,79.93975830078125,152.03450775146484,77.95454406738281,81.30000305175781,61.23046875,99.94574737548828,22.3857421875,42.055324589596964,41253.0,32.883697509765625,28.6134033203125,23.826385498046875,21.378463745117188,41.5
1970-11-27 17:59:42.992,19.954051971435547,80.0,152.22982025146484,77.95454406738281,81.80000305175781,61.23046875,99.94574737548828,22.395965576171875,42.308146213749815,41253.0,28.912628173828125,26.981475830078125,22.05844116210937,27.36225891113281,41.5
1970-11-27 17:59:43.993,19.954051971435547,80.0,152.22982025146484,77.95454406738281,81.80000305175781,61.23046875,99.94574737548828,22.395965576171875,42.308146213749815,41253.0,28.912628173828125,26.981475830078125,22.05844116210937,27.36225891113281,41.5
1970-11-27 17:59:44.993,19.97740936279297,80.06024169921875,152.05892181396484,78.03030395507812,80.9000015258789,61.23046875,99.94574737548828,22.412899017333984,44.31962677569688,41253.0,28.831024169921875,27.035858154296875,23.907989501953125,26.682281494140625,41.5
1970-11-27 17:59:46.002,19.974210739135746,79.93975830078125,151.7578125,78.03030395507812,81.5,61.23046875,99.94574737548828,22.43035125732422,43.17894750110267,41253.0,30.32696533203125,27.52545166015625,21.405670166015625,28.80380249023437,41.5
1970-11-27 17:59:46.995,19.974210739135746,79.93975830078125,151.7578125,78.03030395507812,81.5,61.23046875,99.94574737548828,22.43035125732422,43.17894750110267,41253.0,30.32696533203125,27.52545166015625,21.405670166015625,28.80380249023437,41.5
1970-11-27 17:59:47.994,20.04467391967773,80.0,152.35189056396484,78.03030395507812,82.4000015258789,61.23046875,99.94574737548828,22.43125915527344,42.010249798699846,41253.0,33.019683837890625,22.79281616210937,26.083892822265625,26.247100830078125,41.5
1970-11-27 17:59:48.990,20.067014694213867,79.93975830078125,152.88899993896484,78.03030395507812,81.69999694824219,61.23046875,99.94574737548828,22.43850898742676,43.143193330985625,41253.0,32.4757080078125,26.4375,26.35589599609375,26.845489501953125,41.5
1970-11-27 17:59:49.991,20.088829040527344,80.06024169921875,152.3600311279297,78.03030395507812,81.19999694824219,61.23046875,99.94574737548828,22.453577041625977,40.52700740918535,41253.0,28.613433837890625,24.615142822265625,25.86630249023437,24.75115966796875,41.5
1970-11-27 17:59:51.003,20.088829040527344,80.06024169921875,152.3600311279297,78.03030395507812,81.19999694824219,61.23046875,99.94574737548828,22.453577041625977,40.52700740918535,41253.0,28.613433837890625,24.615142822265625,25.86630249023437,24.75115966796875,41.5
1970-11-27 17:59:51.992,20.13396072387696,79.93975830078125,151.28580474853516,78.03030395507812,81.19999694824219,61.23046875,99.94574737548828,22.464990615844727,44.14188232770877,41253.0,31.36053466796875,25.295135498046875,22.54803466796875,22.33042907714844,41.47499942779541
1970-11-27 17:59:52.990,20.102632522583008,80.0,151.953125,78.03030395507812,82.20000457763672,61.23046875,99.94574737548828,22.47909164428711,41.4101535840792,41253.0,29.26620483398437,25.89350891113281,25.89350891113281,25.13192749023437,41.47499942779541
1970-11-27 17:59:54.002,20.102632522583008,80.0,151.953125,78.03030395507812,82.20000457763672,61.23046875,99.94574737548828,22.47909164428711,41.4101535840792,41253.0,29.26620483398437,25.89350891113281,25.89350891113281,25.13192749023437,41.47499942779541
1970-11-27 17:59:54.994,20.10066032409668,80.06024169921875,152.2053985595703,77.95454406738281,82.0999984741211,61.23046875,99.94574737548828,22.48849296569824,41.88024720703589,41253.0,31.115753173828125,31.523712158203125,21.51446533203125,26.95428466796875,41.5
1970-11-27 17:59:55.992,20.11963081359864,80.0,151.85546875,77.95454406738281,81.0999984741211,61.23046875,99.94574737548828,22.50718116760254,44.35894741622039,41253.0,27.960662841796875,26.573486328125,20.888885498046875,26.573486328125,41.5
1970-11-27 17:59:57.001,20.11963081359864,80.0,151.85546875,77.95454406738281,81.0999984741211,61.23046875,99.94574737548828,22.50718116760254,44.35894741622039,41253.0,27.960662841796875,26.573486328125,20.888885498046875,26.573486328125,41.5
1970-11-27 17:59:57.994,20.12046241760254,79.93975830078125,151.611328125,78.03030395507812,81.4000015258789,61.23046875,99.94574737548828,22.518484115600582,42.66841506099631,41253.0,29.89178466796875,27.035858154296875,23.71759033203125,23.11920166015625,41.5
1970-11-27 17:59:58.990,20.0798568725586,80.0,152.4169921875,78.03030395507812,82.0,61.23046875,99.94574737548828,22.52878189086914,39.771252175703765,41253.0,29.511001586914062,24.6695556640625,24.234375,23.52719116210937,41.5
1970-11-27 18:00:00.001,20.0798568725586,80.0,152.4169921875,78.03030395507812,82.0,61.23046875,99.94574737548828,22.52878189086914,39.771252175703765,41253.0,29.511001586914062,24.6695556640625,24.234375,23.52719116210937,41.5
1970-11-27 18:00:00.991,19.979379653930664,80.0,151.953125,78.03030395507812,81.69999694824219,61.23046875,99.94574737548828,22.550010681152344,42.15317420638516,41253.0,29.72860717773437,27.035858154296875,25.784713745117188,20.83447265625,41.47499942779541
1970-11-27 18:00:01.992,19.84951972961425,80.0,151.7740936279297,77.95454406738281,82.0999984741211,61.23046875,99.94574737548828,22.55041885375977,42.49809543988513,41253.0,30.680572509765625,25.32232666015625,25.376739501953125,28.55902099609375,41.47499942779541
1970-11-27 18:00:03.002,19.84951972961425,80.0,151.7740936279297,77.95454406738281,82.0999984741211,61.23046875,99.94574737548828,22.55041885375977,42.49809543988513,41253.0,30.680572509765625,25.32232666015625,25.376739501953125,28.55902099609375,41.47499942779541
1970-11-27 18:00:03.993,19.914634704589844,79.93975830078125,151.74153900146484,78.03030395507812,81.80000305175781,61.23046875,99.94574737548828,22.5605525970459,43.316042116256256,41253.0,33.2100830078125,28.314224243164062,27.171875,25.32232666015625,41.47499942779541
1970-11-27 18:00:04.993,19.92955207824707,80.0,151.7333984375,78.03030395507812,81.80000305175781,61.23046875,99.94574737548828,22.575990676879883,40.54330214162837,41253.0,32.176513671875,26.954269409179688,20.53529357910156,27.661453247070312,41.44999885559082
1970-11-27 18:00:05.991,19.92955207824707,80.0,151.7333984375,78.03030395507812,81.80000305175781,61.23046875,99.94574737548828,22.575990676879883,40.54330214162837,41253.0,32.176513671875,26.954269409179688,20.53529357910156,27.661453247070312,41.44999885559082
1970-11-27 18:00:06.991,19.89240455627441,80.0,151.77408599853516,78.03030395507812,81.69999694824219,61.23046875,99.94574737548828,22.58160400390625,42.46760425794554,41253.0,31.387741088867188,29.53817749023437,25.89350891113281,27.851837158203125,41.47499942779541
1970-11-27 18:00:07.995,19.857894897460938,80.0,151.9612579345703,78.03030395507812,82.4000015258789,61.23046875,99.94574737548828,22.598255157470703,41.79544389264849,41253.0,31.36053466796875,28.25982666015625,19.6649169921875,25.458328247070312,41.47499942779541
1970-11-27 18:00:08.993,19.857894897460938,80.0,151.9612579345703,78.03030395507812,82.4000015258789,61.23046875,99.94574737548828,22.598255157470703,41.79544389264849,41253.0,31.36053466796875,28.25982666015625,19.6649169921875,25.458328247070312,41.47499942779541
1970-11-27 18:00:09.993,19.78168487548828,80.0,151.4892578125,78.03030395507812,82.30000305175781,61.23046875,99.94574737548828,22.616350173950195,41.286228630933444,41253.0,30.84375,28.015045166015625,21.18807983398437,26.573486328125,41.47499942779541
1970-11-27 18:00:10.993,19.80166244506836,80.0,151.92057037353516,77.95454406738281,82.0,61.23046875,99.94574737548828,22.61840057373047,40.97238583694848,41253.0,29.918991088867188,24.696746826171875,25.4039306640625,23.79917907714844,41.44999885559082
1970-11-27 18:00:11.990,19.80166244506836,80.0,151.92057037353516,77.95454406738281,82.0,61.23046875,99.94574737548828,22.61840057373047,40.97238583694848,41253.0,29.918991088867188,24.696746826171875,25.4039306640625,23.79917907714844,41.44999885559082
1970-11-27 18:00:12.994,19.87404441833496,80.0,151.3916015625,77.95454406738281,82.0999984741211,61.23046875,99.94574737548828,22.632755279541016,41.92091843516378,41253.0,26.92709350585937,26.247100830078125,26.247100830078125,26.05670166015625,41.47499942779541
1970-11-27 18:00:13.993,19.943986892700195,80.0,151.5787811279297,78.03030395507812,81.5999984741211,61.23046875,99.94574737548828,22.65909004211425,40.177044129844774,41253.0,29.83740234375,25.13192749023437,28.61341857910156,22.03125,41.47499942779541
1970-11-27 18:00:14.991,19.943986892700195,80.0,151.5787811279297,78.03030395507812,81.5999984741211,61.23046875,99.94574737548828,22.65909004211425,40.177044129844774,41253.0,29.83740234375,25.13192749023437,28.61341857910156,22.03125,41.47499942779541
1970-11-27 18:00:15.992,20.027606964111328,80.0,151.7496795654297,78.03030395507812,82.0999984741211,61.23046875,99.94574737548828,22.6657772064209,41.18560243514573,41253.0,30.979751586914062,27.7430419921875,27.416656494140625,25.077545166015625,41.44999885559082
1970-11-27 18:00:16.991,20.09414863586425,80.0,152.8483123779297,78.03030395507812,82.30000305175781,61.23046875,99.94574737548828,22.69114112854004,42.14027033956232,41253.0,36.392364501953125,26.247100830078125,22.439239501953125,26.35589599609375,41.44999885559082
1970-11-27 18:00:17.991,20.09414863586425,80.0,152.8483123779297,78.03030395507812,82.30000305175781,61.23046875,99.94574737548828,22.69114112854004,42.14027033956232,41253.0,36.392364501953125,26.247100830078125,22.439239501953125,26.35589599609375,41.44999885559082
1970-11-27 18:00:19.002,20.09383201599121,79.8795166015625,151.6927032470703,77.95454406738281,81.9000015258789,61.23046875,99.94574737548828,22.70754623413086,43.367909212711396,41253.0,30.57177734375,25.32232666015625,26.029510498046875,23.77197265625,41.47499942779541
1970-11-27 18:00:19.991,20.154829025268555,80.0,151.1474609375,78.03030395507812,81.80000305175781,61.23046875,99.94574737548828,22.70670509338379,42.62531367894285,41253.0,33.78125,29.86456298828125,19.74652099609375,23.55438232421875,41.44999885559082
1970-11-27 18:00:21.002,20.154829025268555,80.0,151.1474609375,78.03030395507812,81.80000305175781,61.23046875,99.94574737548828,22.70670509338379,42.62531367894285,41253.0,33.78125,29.86456298828125,19.74652099609375,23.55438232421875,41.44999885559082
1970-11-27 18:00:21.991,20.25143814086914,80.06024169921875,150.91959381103516,78.03030395507812,82.0,61.23046875,99.94574737548828,22.71756935119629,43.06929946223181,41253.0,32.203704833984375,28.368621826171875,19.31134033203125,24.560760498046875,41.44999885559082
1970-11-27 18:00:22.992,20.317550659179688,80.0,151.69271850585938,78.03030395507812,81.69999694824219,61.23046875,99.94574737548828,22.72327041625977,42.058065959410634,41253.0,30.299774169921875,25.86630249023437,24.914337158203125,22.412017822265625,41.44999885559082
1970-11-27 18:00:24.004,20.317550659179688,80.0,151.69271850585938,78.03030395507812,81.69999694824219,61.23046875,99.94574737548828,22.72327041625977,42.058065959410634,41253.0,30.299774169921875,25.86630249023437,24.914337158203125,22.412017822265625,41.44999885559082
1970-11-27 18:00:25.990,20.23553276062012,79.93975830078125,150.8870391845703,77.95454406738281,82.80000305175781,61.23046875,99.94574737548828,22.74744987487793,38.99135951872927,41253.0,30.435775756835938,26.899871826171875,25.32232666015625,21.92245483398437,41.44999885559082
1970-11-27 18:00:25.000,20.319076538085938,79.93975830078125,150.89517974853516,78.03030395507812,81.30000305175781,61.23046875,99.94574737548828,22.73001289367676,43.17427904201689,41253.0,28.178253173828125,25.839111328125,22.08563232421875,24.75115966796875,41.44999885559082
1970-11-27 18:00:26.993,20.23553276062012,79.93975830078125,150.8870391845703,77.95454406738281,82.80000305175781,61.23046875,99.94574737548828,22.74744987487793,38.99135951872927,41253.0,30.435775756835938,26.899871826171875,25.32232666015625,21.92245483398437,41.44999885559082
1970-11-27 18:00:27.992,20.160951614379883,79.93975830078125,151.66015625,78.03030395507812,82.5,61.23046875,99.94574737548828,22.754892349243164,39.93693265324175,41253.0,31.06134033203125,27.552642822265625,26.62788391113281,23.03759765625,41.44999885559082
1970-11-27 18:00:28.991,20.148515701293945,80.0,151.60318756103516,78.03030395507812,81.69999694824219,61.23046875,99.94574737548828,22.7531681060791,40.73960879906282,41253.0,32.6116943359375,28.586212158203125,27.19906616210937,24.50634765625,41.44999885559082
1970-11-27 18:00:29.990,20.148515701293945,80.0,151.60318756103516,78.03030395507812,81.69999694824219,61.23046875,99.94574737548828,22.7531681060791,40.73960879906282,41253.0,32.6116943359375,28.586212158203125,27.19906616210937,24.50634765625,41.44999885559082
1970-11-27 18:00:30.991,20.141132354736328,80.06024169921875,151.90430450439453,78.03030395507812,82.30000305175781,61.23046875,99.94574737548828,22.776296615600582,39.3401534732722,41253.0,33.07408142089844,28.91259765625,21.8680419921875,24.96875,41.44999885559082
1970-11-27 18:00:31.990,20.107181549072266,79.93975830078125,152.15657806396484,77.95454406738281,81.5,61.23046875,99.94574737548828,22.783878326416016,43.44805678340088,41253.0,34.379638671875,28.368621826171875,20.236114501953125,27.552642822265625,41.44999885559082
1970-11-27 18:00:33.994,19.943538665771484,79.93975830078125,151.4322967529297,78.03030395507812,82.0999984741211,61.23046875,99.94574737548828,22.792388916015625,42.023355614940016,41253.0,29.07582092285156,26.19268798828125,22.167236328125,25.431121826171875,41.44999885559082
1970-11-27 18:00:33.000,20.107181549072266,79.93975830078125,152.15657806396484,77.95454406738281,81.5,61.23046875,99.94574737548828,22.783878326416016,43.44805678340088,41253.0,34.379638671875,28.368621826171875,20.236114501953125,27.552642822265625,41.44999885559082
1970-11-27 18:00:34.990,19.853975296020508,80.0,151.4567108154297,78.03030395507812,81.80000305175781,61.23046875,99.94574737548828,22.79870986938477,42.9334636731484,41253.0,32.33970642089844,29.238983154296875,19.31134033203125,26.8726806640625,41.44999885559082
1970-11-27 18:00:35.993,19.853975296020508,80.0,151.4567108154297,78.03030395507812,81.80000305175781,61.23046875,99.94574737548828,22.79870986938477,42.9334636731484,41253.0,32.33970642089844,29.238983154296875,19.31134033203125,26.8726806640625,41.44999885559082
1970-11-27 18:00:36.991,19.767980575561523,80.1204833984375,150.7893829345703,78.03030395507812,81.9000015258789,61.23046875,99.94574737548828,22.814468383789062,41.98814852980693,41253.0,29.81019592285156,26.111099243164062,23.39120483398437,23.03759765625,41.44999885559082
1970-11-27 18:00:37.990,19.739595413208008,80.0,150.6266326904297,77.95454406738281,81.9000015258789,61.23046875,99.94574737548828,22.825927734375,43.235976424533106,41253.0,29.89178466796875,29.184600830078125,26.73667907714844,25.213531494140625,41.44999885559082
1970-11-27 18:00:39.001,19.739595413208008,80.0,150.6266326904297,77.95454406738281,81.9000015258789,61.23046875,99.94574737548828,22.825927734375,43.235976424533106,41253.0,29.89178466796875,29.184600830078125,26.73667907714844,25.213531494140625,41.44999885559082
1970-11-27 18:00:39.993,19.74671936035156,79.93975830078125,150.62662506103516,78.03030395507812,81.80000305175781,61.23046875,99.94574737548828,22.843130111694336,43.363746898473956,41253.0,27.743072509765625,24.9415283203125,26.247100830078125,24.20716857910156,41.44999885559082
1970-11-27 18:00:40.994,19.75407600402832,80.06024169921875,151.26953125,78.03030395507812,82.5,61.23046875,99.94574737548828,22.84956359863281,41.13162923965598,41253.0,28.36865234375,23.41839599609375,28.61341857910156,25.784713745117188,41.44999885559082
1970-11-27 18:00:41.994,19.75407600402832,80.06024169921875,151.26953125,78.03030395507812,82.5,61.23046875,99.94574737548828,22.84956359863281,41.13162923965598,41253.0,28.36865234375,23.41839599609375,28.61341857910156,25.784713745117188,41.44999885559082
1970-11-27 18:00:42.993,19.72632026672364,80.0,151.52181243896484,78.03030395507812,82.9000015258789,61.23046875,99.94574737548828,22.859149932861328,40.04099688724131,41253.0,27.79745483398437,25.73031616210937,24.50634765625,25.24072265625,41.44999885559082
1970-11-27 18:00:43.994,19.72745704650879,79.93975830078125,152.0751953125,78.03030395507812,82.0999984741211,61.23046875,99.94574737548828,22.875778198242188,41.59846054320131,41253.0,34.406829833984375,25.45831298828125,22.68402099609375,26.383087158203125,41.44999885559082
1970-11-27 18:00:44.993,19.72745704650879,79.93975830078125,152.0751953125,78.03030395507812,82.0999984741211,61.23046875,99.94574737548828,22.875778198242188,41.59846054320131,41253.0,34.406829833984375,25.45831298828125,22.68402099609375,26.383087158203125,41.44999885559082
1970-11-27 18:00:45.995,19.81365203857422,80.0,151.0660858154297,77.95454406738281,81.4000015258789,61.23046875,99.94574737548828,22.890663146972656,42.910602268373495,41253.0,30.517364501953125,28.151031494140625,21.052078247070312,22.520828247070312,41.44999885559082
1970-11-27 18:00:46.991,19.94894218444824,80.06024169921875,150.9521484375,78.03030395507812,81.4000015258789,61.23046875,99.94574737548828,22.89033508300781,43.667234726562064,41253.0,32.802093505859375,28.06942749023437,21.59605407714844,27.52545166015625,41.44999885559082
1970-11-27 18:00:48.001,19.94894218444824,80.06024169921875,150.9521484375,78.03030395507812,81.4000015258789,61.23046875,99.94574737548828,22.89033508300781,43.667234726562064,41253.0,32.802093505859375,28.06942749023437,21.59605407714844,27.52545166015625,41.44999885559082
1970-11-27 18:00:49.005,20.0635929107666,80.0,150.927734375,78.03030395507812,81.4000015258789,61.23046875,99.94574737548828,22.90481948852539,41.92611070090496,41253.0,31.30615234375,26.328689575195312,23.41839599609375,27.33505249023437,41.44999885559082
1970-11-27 18:00:49.993,20.14299964904785,79.93975830078125,150.7649688720703,78.03030395507812,82.20000457763672,61.23046875,99.94574737548828,22.922412872314453,42.0439942947142,41253.0,29.347808837890625,30.109375,22.33042907714844,22.54803466796875,41.44999885559082
1970-11-27 18:00:50.990,20.14299964904785,79.93975830078125,150.7649688720703,78.03030395507812,82.20000457763672,61.23046875,99.94574737548828,22.922412872314453,42.0439942947142,41253.0,29.347808837890625,30.109375,22.33042907714844,22.54803466796875,41.44999885559082
1970-11-27 18:00:51.994,20.15516471862793,80.0,151.0009765625,77.95454406738281,81.0,61.23046875,99.94574737548828,22.92672348022461,42.751813338574756,41253.0,28.232650756835938,27.851837158203125,21.106475830078125,26.029510498046875,41.44999885559082
1970-11-27 18:00:52.993,20.181211471557617,80.0,150.6103515625,78.03030395507812,81.30000305175781,61.23046875,99.94574737548828,22.93599319458008,39.71205140421294,41253.0,28.504638671875,28.015045166015625,25.5399169921875,23.581588745117188,41.44999885559082
1970-11-27 18:00:53.993,20.181211471557617,80.0,150.6103515625,78.03030395507812,81.30000305175781,61.23046875,99.94574737548828,22.93599319458008,39.71205140421294,41253.0,28.504638671875,28.015045166015625,25.5399169921875,23.581588745117188,41.44999885559082
1970-11-27 18:00:54.991,20.20621490478516,80.0,151.52181243896484,78.03030395507812,82.20000457763672,61.23046875,99.94574737548828,22.947370529174805,40.403484994538346,41253.0,31.46932983398437,27.38946533203125,27.06307983398437,26.49188232421875,41.44999885559082
1970-11-27 18:00:55.990,20.21840476989746,79.93975830078125,151.07422637939453,78.03030395507812,81.80000305175781,61.23046875,99.94574737548828,22.94892692565918,40.75275169955625,41253.0,28.9398193359375,26.92706298828125,24.043975830078125,24.234375,41.44999885559082
1970-11-27 18:00:56.994,20.21840476989746,79.93975830078125,151.07422637939453,78.03030395507812,81.80000305175781,61.23046875,99.94574737548828,22.94892692565918,40.75275169955625,41253.0,28.9398193359375,26.92706298828125,24.043975830078125,24.234375,41.44999885559082
1970-11-27 18:00:57.993,20.195837020874023,80.0,151.0660858154297,77.95454406738281,82.4000015258789,61.23046875,99.94574737548828,22.949243545532227,40.46101477697129,41253.0,30.707763671875,27.579849243164062,21.32406616210937,27.253463745117188,41.44999885559082
1970-11-27 18:00:58.991,20.07851219177246,80.06024169921875,151.0660858154297,77.95454406738281,82.70000457763672,61.23046875,99.94574737548828,22.962215423583984,41.80084313336385,41253.0,33.29168701171875,23.3367919921875,20.9976806640625,26.546295166015625,41.44999885559082
1970-11-27 18:00:59.994,20.07851219177246,80.06024169921875,151.0660858154297,77.95454406738281,82.70000457763672,61.23046875,99.94574737548828,22.962215423583984,41.80084313336385,41253.0,33.29168701171875,23.3367919921875,20.9976806640625,26.546295166015625,41.44999885559082
1970-11-27 18:01:00.994,19.953821182250977,79.93975830078125,151.03353118896484,77.95454406738281,81.4000015258789,61.23046875,99.94574737548828,22.96577835083008,41.11884224793097,41253.0,31.65972900390625,27.09027099609375,23.11920166015625,24.179962158203125,41.44999885559082
1970-11-27 18:01:02.000,19.94001197814941,79.93975830078125,150.7893829345703,78.03030395507812,81.5,61.23046875,99.94574737548828,22.9702377319336,41.15586797750096,41253.0,31.93173217773437,27.851837158203125,21.541656494140625,21.26966857910156,41.44999885559082
1970-11-27 18:01:03.002,19.94001197814941,79.93975830078125,150.7893829345703,78.03030395507812,81.5,61.23046875,99.94574737548828,22.9702377319336,41.15586797750096,41253.0,31.93173217773437,27.851837158203125,21.541656494140625,21.26966857910156,41.44999885559082
1970-11-27 18:01:03.992,19.95343017578125,80.06024169921875,150.74056243896484,78.03030395507812,81.5,61.23046875,99.94574737548828,22.980093002319336,40.29823481571775,41253.0,30.898162841796875,28.12384033203125,20.807281494140625,24.45196533203125,41.44999885559082
1970-11-27 18:01:04.991,19.93537330627441,80.0,150.0,77.95454406738281,81.0,61.23046875,99.94574737548828,22.984128952026367,43.85025694427901,41253.0,27.362274169921875,26.519088745117188,23.962371826171875,27.06307983398437,41.44999885559082
1970-11-27 18:01:05.991,19.93537330627441,80.0,150.0,77.95454406738281,81.0,61.23046875,99.94574737548828,22.984128952026367,43.85025694427901,41253.0,27.362274169921875,26.519088745117188,23.962371826171875,27.06307983398437,41.44999885559082
1970-11-27 18:01:06.992,19.87270164489746,80.0,150.21973419189453,78.03030395507812,81.5999984741211,61.23046875,99.94574737548828,22.99524307250977,42.0089716699816,41253.0,31.442138671875,27.47105407714844,22.520828247070312,21.432861328125,41.44999885559082
1970-11-27 18:01:07.993,19.790573120117188,80.0,151.2369842529297,77.95454406738281,82.30000305175781,61.23046875,99.94574737548828,23.00211906433105,41.169182128689776,41253.0,30.952545166015625,24.914337158203125,23.11920166015625,28.722213745117188,41.44999885559082
1970-11-27 18:01:08.990,19.790573120117188,80.0,151.2369842529297,77.95454406738281,82.30000305175781,61.23046875,99.94574737548828,23.00211906433105,41.169182128689776,41253.0,30.952545166015625,24.914337158203125,23.11920166015625,28.722213745117188,41.44999885559082
1970-11-27 18:01:09.991,19.80892562866211,80.0,151.61946868896484,78.03030395507812,82.5999984741211,61.23046875,99.94574737548828,23.00667762756348,41.86893608851194,41253.0,31.82293701171875,22.901611328125,27.38946533203125,26.79107666015625,41.44999885559082
1970-11-27 18:01:10.993,19.87168884277344,80.0,150.3011016845703,78.03030395507812,81.80000305175781,61.23046875,99.94574737548828,23.01726531982422,41.50897596657019,41253.0,26.546295166015625,24.043975830078125,27.634246826171875,22.575225830078125,41.44999885559082
1970-11-27 18:01:12.002,19.87168884277344,80.0,150.3011016845703,78.03030395507812,81.80000305175781,61.23046875,99.94574737548828,23.01726531982422,41.50897596657019,41253.0,26.546295166015625,24.043975830078125,27.634246826171875,22.575225830078125,41.44999885559082
1970-11-27 18:01:12.991,19.956933975219727,80.0,150.1871795654297,78.03030395507812,81.5999984741211,61.23046875,99.94574737548828,23.0203857421875,43.01611030144657,41253.0,32.99249267578125,23.25518798828125,22.439239501953125,24.098373413085938,41.44999885559082
1970-11-27 18:01:13.990,20.05373954772949,80.0,150.390625,77.95454406738281,81.69999694824219,61.23046875,99.94574737548828,23.02055931091309,42.24769194407233,41253.0,32.203704833984375,23.907974243164062,25.4039306640625,25.92071533203125,41.44999885559082
1970-11-27 18:01:14.994,20.05373954772949,80.0,150.390625,77.95454406738281,81.69999694824219,61.23046875,99.94574737548828,23.02055931091309,42.24769194407233,41253.0,32.203704833984375,23.907974243164062,25.4039306640625,25.92071533203125,41.44999885559082
1970-11-27 18:01:15.991,20.07999992370605,80.0,150.2360076904297,78.03030395507812,81.80000305175781,61.23046875,99.94574737548828,23.03369140625,41.01811363789424,41253.0,33.890045166015625,28.6134033203125,23.66317749023437,22.847213745117188,41.44999885559082
1970-11-27 18:01:16.994,20.02952766418457,80.06024169921875,151.06607818603516,78.03030395507812,81.9000015258789,61.23046875,99.94574737548828,23.04264068603516,42.237870933540144,41253.0,33.835662841796875,27.579849243164062,25.567123413085938,21.623260498046875,41.44999885559082
1970-11-27 18:01:17.994,20.02952766418457,80.06024169921875,151.06607818603516,78.03030395507812,81.9000015258789,61.23046875,99.94574737548828,23.04264068603516,42.237870933540144,41253.0,33.835662841796875,27.579849243164062,25.567123413085938,21.623260498046875,41.44999885559082
1970-11-27 18:01:18.993,20.07108688354492,80.0,149.4140625,78.03030395507812,81.9000015258789,61.23046875,99.94574737548828,23.04337882995605,42.629485803993724,41253.0,31.36053466796875,27.688644409179688,18.71295166015625,26.73667907714844,41.44999885559082
1970-11-27 18:01:19.994,20.1159896850586,79.93975830078125,150.67545318603516,78.03030395507812,81.80000305175781,61.23046875,99.94574737548828,23.05033302307129,41.51933443397531,41253.0,29.13021850585937,30.245361328125,21.94964599609375,25.648712158203125,41.44999885559082
1970-11-27 18:01:21.001,20.1159896850586,79.93975830078125,150.67545318603516,78.03030395507812,81.80000305175781,61.23046875,99.94574737548828,23.05033302307129,41.51933443397531,41253.0,29.13021850585937,30.245361328125,21.94964599609375,25.648712158203125,41.44999885559082
1970-11-27 18:01:21.993,20.14790725708008,80.0,151.15560150146484,77.95454406738281,82.5,61.23046875,99.94574737548828,23.056137084960938,42.50258252482698,41253.0,32.149322509765625,26.818267822265625,26.301498413085938,29.619781494140625,41.44999885559082
1970-11-27 18:01:22.991,20.11533546447754,80.06024169921875,150.42317962646484,78.03030395507812,81.80000305175781,61.23046875,99.94574737548828,23.063037872314453,42.32898138282413,41253.0,32.09490966796875,28.151031494140625,22.54803466796875,28.368621826171875,41.44999885559082
1970-11-27 18:01:23.992,20.11533546447754,80.06024169921875,150.42317962646484,78.03030395507812,81.80000305175781,61.23046875,99.94574737548828,23.063037872314453,42.32898138282413,41253.0,32.09490966796875,28.151031494140625,22.54803466796875,28.368621826171875,41.44999885559082
1970-11-27 18:01:24.992,20.00805854797364,79.93975830078125,149.9186248779297,78.03030395507812,81.4000015258789,61.23046875,99.94574737548828,23.061214447021484,44.37538785803791,41253.0,31.49653625488281,25.97509765625,21.26966857910156,23.880767822265625,41.44999885559082
1970-11-27 18:01:26.001,19.95963287353516,79.8795166015625,150.5859375,77.95454406738281,81.80000305175781,61.23046875,99.94574737548828,23.06147193908692,43.01054355084515,41253.0,29.184616088867188,28.314224243164062,23.66317749023437,24.832748413085938,41.44999885559082
1970-11-27 18:01:27.004,19.95963287353516,79.8795166015625,150.5859375,77.95454406738281,81.80000305175781,61.23046875,99.94574737548828,23.06147193908692,43.01054355084515,41253.0,29.184616088867188,28.314224243164062,23.66317749023437,24.832748413085938,41.44999885559082
1970-11-27 18:01:27.992,19.986459732055664,80.0,150.70800018310547,78.03030395507812,82.5999984741211,61.23046875,99.94574737548828,23.06472587585449,40.27293697162261,41253.0,34.8148193359375,29.67417907714844,26.65509033203125,24.42475891113281,41.44999885559082
1970-11-27 18:01:28.993,20.01393699645996,80.06024169921875,150.20345306396484,78.03030395507812,81.30000305175781,61.23046875,99.94574737548828,23.06862068176269,43.76101677421863,41253.0,29.45660400390625,26.49188232421875,25.24072265625,24.914337158203125,41.44999885559082
1970-11-27 18:01:29.993,20.01393699645996,80.06024169921875,150.20345306396484,78.03030395507812,81.30000305175781,61.23046875,99.94574737548828,23.06862068176269,43.76101677421863,41253.0,29.45660400390625,26.49188232421875,25.24072265625,24.914337158203125,41.44999885559082
1970-11-27 18:01:30.994,20.02606010437012,80.0,150.29296875,78.03030395507812,82.70000457763672,61.23046875,99.94574737548828,23.07135581970215,40.717527334597335,41253.0,33.37327575683594,28.287017822265625,23.28240966796875,24.99594116210937,41.44999885559082
1970-11-27 18:01:31.995,19.959548950195312,79.93975830078125,149.853515625,78.03030395507812,81.5,61.23046875,99.94574737548828,23.07264709472656,41.6019013522987,41253.0,33.12847900390625,28.967010498046875,19.71932983398437,23.826385498046875,41.44999885559082
1970-11-27 18:01:33.003,19.959548950195312,79.93975830078125,149.853515625,78.03030395507812,81.5,61.23046875,99.94574737548828,23.07264709472656,41.6019013522987,41253.0,33.12847900390625,28.967010498046875,19.71932983398437,23.826385498046875,41.44999885559082
1970-11-27 18:01:33.991,19.906814575195312,80.06024169921875,150.76497650146484,78.03030395507812,82.0999984741211,61.23046875,99.94574737548828,23.078237533569336,42.79639766735423,41253.0,31.387741088867188,29.72857666015625,20.508087158203125,28.314239501953125,41.44999885559082
1970-11-27 18:01:34.990,19.92748641967773,80.06024169921875,149.91048431396484,78.03030395507812,82.0,61.23046875,99.94574737548828,23.086090087890625,43.172818394634945,41253.0,29.211822509765625,29.456588745117188,21.48725891113281,21.07928466796875,41.44999885559082
1970-11-27 18:01:35.992,19.92748641967773,80.06024169921875,149.91048431396484,78.03030395507812,82.0,61.23046875,99.94574737548828,23.086090087890625,43.172818394634945,41253.0,29.211822509765625,29.456588745117188,21.48725891113281,21.07928466796875,41.44999885559082
1970-11-27 18:01:36.994,19.98752784729004,79.93975830078125,150.4801483154297,77.95454406738281,82.5,61.23046875,99.94574737548828,23.07654190063477,40.75680577783406,41253.0,29.918991088867188,27.797439575195312,23.826385498046875,27.171875,41.44999885559082
1970-11-27 18:01:37.992,20.02355194091797,79.93975830078125,150.50455474853516,78.03030395507812,81.5,61.23046875,99.94574737548828,23.081342697143555,41.82439750095922,41253.0,28.85821533203125,26.35589599609375,25.75750732421875,24.234375,41.44999885559082
1970-11-27 18:01:38.991,20.02355194091797,79.93975830078125,150.50455474853516,78.03030395507812,81.5,61.23046875,99.94574737548828,23.081342697143555,41.82439750095922,41253.0,28.85821533203125,26.35589599609375,25.75750732421875,24.234375,41.44999885559082
1970-11-27 18:01:39.994,20.00790977478028,80.06024169921875,150.30924224853516,78.03030395507812,81.0999984741211,61.23046875,99.94574737548828,23.095796585083008,42.340217601547835,41253.0,30.76216125488281,27.38946533203125,25.67591857910156,22.874420166015625,41.44999885559082
1970-11-27 18:01:40.995,19.9206657409668,80.0,151.33463287353516,78.03030395507812,81.9000015258789,61.23046875,99.94574737548828,23.09816169738769,42.58175607319914,41253.0,33.99884033203125,26.301483154296875,26.029510498046875,24.043975830078125,41.44999885559082
1970-11-27 18:01:42.005,19.9206657409668,80.0,151.33463287353516,78.03030395507812,81.9000015258789,61.23046875,99.94574737548828,23.09816169738769,42.58175607319914,41253.0,33.99884033203125,26.301483154296875,26.029510498046875,24.043975830078125,41.44999885559082
1970-11-27 18:01:42.993,19.94462203979492,80.0,150.45572662353516,77.95454406738281,82.20000457763672,61.23046875,99.94574737548828,23.11003494262696,41.36107448928088,41253.0,33.80845642089844,23.146392822265625,24.832748413085938,22.33042907714844,41.44999885559082
1970-11-27 18:01:43.995,19.989891052246094,80.0,149.8128204345703,77.95454406738281,82.5,61.23046875,99.94574737548828,23.118587493896484,39.079335830679184,41253.0,32.6116943359375,26.029510498046875,20.317703247070312,25.703125,41.44999885559082
1970-11-27 18:01:44.990,19.989891052246094,80.0,149.8128204345703,77.95454406738281,82.5,61.23046875,99.94574737548828,23.118587493896484,39.079335830679184,41253.0,32.6116943359375,26.029510498046875,20.317703247070312,25.703125,41.44999885559082
1970-11-27 18:01:46.002,20.077957153320312,80.0,150.20345306396484,78.03030395507812,82.4000015258789,61.23046875,99.94574737548828,23.124048233032227,40.09101638586777,41253.0,30.898162841796875,28.12384033203125,24.8055419921875,25.13192749023437,41.44999885559082
1970-11-27 18:01:46.995,20.13782501220703,80.0,149.82909393310547,78.03030395507812,82.80000305175781,61.23046875,99.94574737548828,23.123403549194336,41.795201562414164,41253.0,32.421295166015625,27.307861328125,19.01214599609375,26.546295166015625,41.44999885559082
1970-11-27 18:01:47.994,20.13782501220703,80.0,149.82909393310547,78.03030395507812,82.80000305175781,61.23046875,99.94574737548828,23.123403549194336,41.795201562414164,41253.0,32.421295166015625,27.307861328125,19.01214599609375,26.546295166015625,41.44999885559082
1970-11-27 18:01:48.993,20.0999813079834,80.0,150.20345306396484,77.95454406738281,82.4000015258789,61.23046875,99.94574737548828,23.12989044189453,40.703508642242646,41253.0,32.3125,26.73667907714844,23.3367919921875,26.165496826171875,41.44999885559082
1970-11-27 18:01:50.000,20.04009437561035,80.0,150.77310943603516,78.03030395507812,82.0999984741211,61.23046875,99.94574737548828,23.135082244873047,41.09371700047807,41253.0,31.19735717773437,26.8726806640625,25.784713745117188,26.95428466796875,41.44999885559082
1970-11-27 18:01:51.992,20.058273315429688,79.93975830078125,149.70703125,78.03030395507812,81.5999984741211,61.23046875,99.94574737548828,23.14048957824707,43.09450642012143,41253.0,28.15106201171875,22.874420166015625,26.21990966796875,22.167236328125,41.44999885559082
1970-11-27 18:01:51.000,20.04009437561035,80.0,150.77310943603516,78.03030395507812,82.0999984741211,61.23046875,99.94574737548828,23.135082244873047,41.09371700047807,41253.0,31.19735717773437,26.8726806640625,25.784713745117188,26.95428466796875,41.44999885559082
1970-11-27 18:01:52.992,20.075563430786133,80.0,150.1220703125,78.03030395507812,83.0,61.23046875,99.94574737548828,23.14899063110352,39.807070758605605,41253.0,31.60533142089844,27.22625732421875,25.26792907714844,24.39755249023437,41.44999885559082
1970-11-27 18:01:54.005,20.075563430786133,80.0,150.1220703125,78.03030395507812,83.0,61.23046875,99.94574737548828,23.14899063110352,39.807070758605605,41253.0,31.60533142089844,27.22625732421875,25.26792907714844,24.39755249023437,41.44999885559082
1970-11-27 18:01:54.995,20.08176040649414,80.0,150.34180450439453,78.03030395507812,82.30000305175781,61.23046875,99.94574737548828,23.146697998046875,38.44960871437546,41253.0,29.72860717773437,23.98956298828125,22.68402099609375,28.015045166015625,41.44999885559082
1970-11-27 18:01:55.990,20.03639030456543,80.0,149.90234375,78.03030395507812,82.20000457763672,61.23046875,99.94574737548828,23.150888442993164,42.46520817691732,41253.0,34.54283142089844,26.247100830078125,23.309600830078125,23.77197265625,41.44999885559082
1970-11-27 18:01:56.994,20.03639030456543,80.0,149.90234375,78.03030395507812,82.20000457763672,61.23046875,99.94574737548828,23.150888442993164,42.46520817691732,41253.0,34.54283142089844,26.247100830078125,23.309600830078125,23.77197265625,41.44999885559082
1970-11-27 18:01:57.993,19.904199600219727,79.93975830078125,150.1383514404297,77.95454406738281,82.0,61.23046875,99.94574737548828,23.14908599853516,40.54566939704949,41253.0,28.504638671875,26.79107666015625,19.039337158203125,26.46469116210937,41.44999885559082
1970-11-27 18:01:58.993,19.87437057495117,80.0,149.3733673095703,78.03030395507812,81.5999984741211,61.23046875,99.94574737548828,23.14888572692871,42.624193777787,41253.0,33.237274169921875,25.594314575195312,19.12094116210937,27.44384765625,41.44999885559082
1970-11-27 18:01:59.991,19.87437057495117,80.0,149.3733673095703,78.03030395507812,81.5999984741211,61.23046875,99.94574737548828,23.14888572692871,42.624193777787,41253.0,33.237274169921875,25.594314575195312,19.12094116210937,27.44384765625,41.44999885559082
1970-11-27 18:02:00.994,19.875951766967773,80.0,150.1627655029297,78.03030395507812,82.5,61.23046875,99.94574737548828,23.15478134155273,42.4836469600046,41253.0,28.36865234375,23.25518798828125,21.59605407714844,26.4375,41.44999885559082
1970-11-27 18:02:01.992,19.890405654907227,80.0,150.17903900146484,78.03030395507812,82.5999984741211,61.23046875,99.94574737548828,23.14824485778809,40.283038627289336,41253.0,31.06134033203125,31.523712158203125,23.255203247070312,24.53355407714844,41.44999885559082
1970-11-27 18:02:02.990,19.890405654907227,80.0,150.17903900146484,78.03030395507812,82.5999984741211,61.23046875,99.94574737548828,23.14824485778809,40.283038627289336,41253.0,31.06134033203125,31.523712158203125,23.255203247070312,24.53355407714844,41.44999885559082
1970-11-27 18:02:03.994,19.898054122924805,80.0,150.1953125,78.03030395507812,82.4000015258789,61.23046875,99.94574737548828,23.152559280395508,41.24388881811518,41253.0,32.720489501953125,23.77197265625,24.6695556640625,23.173614501953125,41.44999885559082
1970-11-27 18:02:04.991,19.85968971252441,80.0,150.04068756103516,78.03030395507812,81.5,61.23046875,99.94574737548828,23.16278839111328,41.30350616685413,41253.0,30.32696533203125,26.00230407714844,25.512725830078125,26.60067749023437,41.44999885559082
1970-11-27 18:02:05.994,19.85968971252441,80.0,150.04068756103516,78.03030395507812,81.5,61.23046875,99.94574737548828,23.16278839111328,41.30350616685413,41253.0,30.32696533203125,26.00230407714844,25.512725830078125,26.60067749023437,41.44999885559082
1970-11-27 18:02:07.002,19.82212257385254,80.0,149.45475006103516,77.95454406738281,81.5999984741211,61.23046875,99.94574737548828,23.15418815612793,42.34170282976157,41253.0,29.5382080078125,25.18634033203125,25.703125,20.12730407714844,41.44999885559082
1970-11-27 18:02:08.004,19.88604164123535,80.0,149.64192962646484,77.95454406738281,82.4000015258789,61.23046875,99.94574737548828,23.159868240356445,40.24075339250009,41253.0,28.55903625488281,26.546295166015625,23.85357666015625,22.439239501953125,41.44999885559082
1970-11-27 18:02:09.001,19.88604164123535,80.0,149.64192962646484,77.95454406738281,82.4000015258789,61.23046875,99.94574737548828,23.159868240356445,40.24075339250009,41253.0,28.55903625488281,26.546295166015625,23.85357666015625,22.439239501953125,41.44999885559082
1970-11-27 18:02:09.995,19.992599487304688,80.0,149.61751556396484,78.03030395507812,82.5999984741211,61.23046875,99.94574737548828,23.15814781188965,39.63096209840219,41253.0,33.2100830078125,26.4375,21.26966857910156,25.376739501953125,41.44999885559082
1970-11-27 18:02:10.992,20.09840202331543,80.0,150.7242889404297,78.03030395507812,82.70000457763672,61.23046875,99.94574737548828,23.160181045532227,39.67484104876074,41253.0,34.97802734375,25.295135498046875,24.42475891113281,26.111114501953125,41.44999885559082
1970-11-27 18:02:11.991,20.09840202331543,80.0,150.7242889404297,78.03030395507812,82.70000457763672,61.23046875,99.94574737548828,23.160181045532227,39.67484104876074,41253.0,34.97802734375,25.295135498046875,24.42475891113281,26.111114501953125,41.44999885559082
1970-11-27 18:02:12.992,20.14048385620117,80.0,149.7314453125,77.95454406738281,82.0,61.23046875,99.94574737548828,23.161550521850582,41.69876074562472,41253.0,33.2100830078125,27.22625732421875,21.48725891113281,26.35589599609375,41.44999885559082
1970-11-27 18:02:13.993,20.09973907470703,80.0,149.1292266845703,77.95454406738281,82.4000015258789,61.23046875,99.94574737548828,23.161725997924805,40.47646120933926,41253.0,34.46124267578125,24.832733154296875,19.99130249023437,25.784713745117188,41.44999885559082
1970-11-27 18:02:15.003,20.09973907470703,80.0,149.1292266845703,77.95454406738281,82.4000015258789,61.23046875,99.94574737548828,23.161725997924805,40.47646120933926,41253.0,34.46124267578125,24.832733154296875,19.99130249023437,25.784713745117188,41.44999885559082
1970-11-27 18:02:15.993,20.116453170776367,80.0,149.35709381103516,78.03030395507812,81.80000305175781,61.23046875,99.94574737548828,23.17227363586425,42.284903072633774,41253.0,29.946197509765625,27.82464599609375,21.8680419921875,25.5399169921875,41.44999885559082
1970-11-27 18:02:16.992,20.153533935546875,80.0,149.8372344970703,78.03030395507812,81.69999694824219,61.23046875,99.94574737548828,23.17105865478516,43.12347675468018,41253.0,30.78936767578125,28.55902099609375,23.77197265625,24.75115966796875,41.44999885559082
1970-11-27 18:02:17.994,20.153533935546875,80.0,149.8372344970703,78.03030395507812,81.69999694824219,61.23046875,99.94574737548828,23.17105865478516,43.12347675468018,41253.0,30.78936767578125,28.55902099609375,23.77197265625,24.75115966796875,41.44999885559082
1970-11-27 18:02:19.001,20.153175354003903,80.0,148.73046875,78.03030395507812,82.20000457763672,61.23046875,99.94574737548828,23.178205490112305,41.07279529149349,41253.0,31.387741088867188,28.93980407714844,22.92880249023437,21.07928466796875,41.44999885559082
1970-11-27 18:02:19.990,20.11366844177246,80.0,150.8463592529297,78.03030395507812,81.9000015258789,61.23046875,99.94574737548828,23.1836051940918,41.38594907426066,41253.0,29.13021850585937,24.0711669921875,25.784713745117188,26.79107666015625,41.44999885559082
1970-11-27 18:02:20.991,20.11366844177246,80.0,150.8463592529297,78.03030395507812,81.9000015258789,61.23046875,99.94574737548828,23.1836051940918,41.38594907426066,41253.0,29.13021850585937,24.0711669921875,25.784713745117188,26.79107666015625,41.44999885559082
1970-11-27 18:02:21.991,20.01382064819336,80.0,150.4313201904297,78.03030395507812,82.20000457763672,61.23046875,99.94574737548828,23.187088012695312,41.85524758110307,41253.0,28.477447509765625,26.00230407714844,27.38946533203125,27.280670166015625,41.44999885559082
1970-11-27 18:02:22.992,19.91714859008789,79.93975830078125,150.1627655029297,78.03030395507812,82.20000457763672,61.23046875,99.94574737548828,23.18412208557129,42.008556717557646,41253.0,33.155670166015625,27.8790283203125,22.38482666015625,26.60067749023437,41.44999885559082
1970-11-27 18:02:24.001,19.91714859008789,79.93975830078125,150.1627655029297,78.03030395507812,82.20000457763672,61.23046875,99.94574737548828,23.18412208557129,42.008556717557646,41253.0,33.155670166015625,27.8790283203125,22.38482666015625,26.60067749023437,41.44999885559082
1970-11-27 18:02:25.004,19.90081596374512,80.0,149.9755859375,78.03030395507812,82.4000015258789,61.23046875,99.94574737548828,23.18751335144043,41.45049698771075,41254.0,33.536468505859375,24.370361328125,20.91607666015625,29.130203247070312,41.44999885559082
1970-11-27 18:02:25.994,19.91998672485352,80.0,149.9674530029297,78.03030395507812,81.80000305175781,61.23046875,99.94574737548828,23.186710357666016,43.72744525225946,41254.0,31.19735717773437,21.704849243164062,24.26156616210937,24.479156494140625,41.44999885559082
1970-11-27 18:02:26.990,19.91998672485352,80.0,149.9674530029297,78.03030395507812,81.80000305175781,61.23046875,99.94574737548828,23.186710357666016,43.72744525225946,41254.0,31.19735717773437,21.704849243164062,24.26156616210937,24.479156494140625,41.44999885559082
1970-11-27 18:02:28.000,19.94920921325684,80.0,149.39778900146484,78.03030395507812,81.80000305175781,61.23046875,99.94574737548828,23.18567657470703,41.736168807905734,41254.0,32.33970642089844,27.47105407714844,22.73841857910156,25.26792907714844,41.44999885559082
1970-11-27 18:02:29.004,19.94050979614257,80.0,148.876953125,78.03030395507812,81.30000305175781,61.23046875,99.94574737548828,23.18849754333496,43.509323386805974,41254.0,33.101287841796875,24.234375,22.765625,23.47279357910156,41.44999885559082
1970-11-27 18:02:30.992,19.869871139526367,80.06024169921875,149.7721405029297,78.03030395507812,82.5,61.23046875,99.94574737548828,23.193119049072266,42.19170149176364,41254.0,32.53009033203125,27.33505249023437,25.295135498046875,21.895248413085938,41.44999885559082
1970-11-27 18:02:30.000,19.94050979614257,80.0,148.876953125,78.03030395507812,81.30000305175781,61.23046875,99.94574737548828,23.18849754333496,43.509323386805974,41254.0,33.101287841796875,24.234375,22.765625,23.47279357910156,41.44999885559082
1970-11-27 18:02:31.992,19.88597679138184,79.93975830078125,149.83724212646484,78.03030395507812,81.80000305175781,61.23046875,99.94574737548828,23.194963455200195,39.59471863505575,41254.0,30.92535400390625,29.3477783203125,25.811920166015625,22.08563232421875,41.44999885559082
1970-11-27 18:02:32.990,19.88597679138184,79.93975830078125,149.83724212646484,78.03030395507812,81.80000305175781,61.23046875,99.94574737548828,23.194963455200195,39.59471863505575,41254.0,30.92535400390625,29.3477783203125,25.811920166015625,22.08563232421875,41.44999885559082
1970-11-27 18:02:33.991,19.935434341430664,80.0,150.34993743896484,78.03030395507812,81.69999694824219,61.23046875,99.94574737548828,23.204044342041016,42.37544595920229,41254.0,26.573501586914062,30.354156494140625,27.035873413085938,22.30322265625,41.44999885559082
1970-11-27 18:02:34.993,20.011703491210938,80.0,150.1302032470703,78.03030395507812,82.5999984741211,61.23046875,99.94574737548828,23.20696449279785,41.24561633092817,41254.0,31.65972900390625,27.797439575195312,26.192703247070312,26.32870483398437,41.44999885559082
1970-11-27 18:02:35.993,20.03679084777832,79.93975830078125,149.6419219970703,77.95454406738281,82.4000015258789,61.23046875,99.94574737548828,23.20782470703125,39.4633508134993,41254.0,32.53009033203125,27.22625732421875,24.58795166015625,26.32870483398437,41.44999885559082
1970-11-27 18:02:36.992,20.03679084777832,79.93975830078125,149.6419219970703,77.95454406738281,82.4000015258789,61.23046875,99.94574737548828,23.20782470703125,39.4633508134993,41254.0,32.53009033203125,27.22625732421875,24.58795166015625,26.32870483398437,41.44999885559082
1970-11-27 18:02:37.993,19.986841201782227,79.93975830078125,149.2106170654297,77.95454406738281,81.69999694824219,61.23046875,99.94574737548828,23.20737266540528,40.62931629687616,41254.0,31.170150756835938,22.22163391113281,23.41839599609375,25.97509765625,41.44999885559082
1970-11-27 18:02:38.995,19.986841201782227,79.93975830078125,149.2106170654297,77.95454406738281,81.69999694824219,61.23046875,99.94574737548828,23.20737266540528,40.62931629687616,41254.0,31.170150756835938,22.22163391113281,23.41839599609375,25.97509765625,41.44999885559082
1970-11-27 18:02:39.994,19.94266128540039,80.0,148.8362579345703,78.03030395507812,81.5,61.23046875,99.94574737548828,23.208749771118164,42.57889764987474,41254.0,31.034149169921875,27.19906616210937,21.92245483398437,24.832748413085938,41.44999885559082
1970-11-27 18:02:41.003,19.97602653503418,79.93975830078125,150.78125,78.03030395507812,82.30000305175781,61.23046875,99.94574737548828,23.212451934814453,42.24339897935596,41254.0,30.78936767578125,25.213531494140625,24.01678466796875,28.722213745117188,41.44999885559082
1970-11-27 18:02:42.991,20.01924133300781,80.0,149.169921875,78.03030395507812,82.0999984741211,61.23046875,99.94574737548828,23.216693878173828,39.639512500562134,41254.0,32.74769592285156,26.247100830078125,20.154510498046875,22.575225830078125,41.44999885559082
1970-11-27 18:02:42.000,20.01924133300781,80.0,149.169921875,78.03030395507812,82.0999984741211,61.23046875,99.94574737548828,23.216693878173828,39.639512500562134,41254.0,32.74769592285156,26.247100830078125,20.154510498046875,22.575225830078125,41.44999885559082
1970-11-27 18:02:43.992,20.059675216674805,80.0,149.7233123779297,78.03030395507812,81.9000015258789,61.23046875,99.94574737548828,23.22274208068848,40.4230714191921,41254.0,31.632537841796875,26.62788391113281,21.92245483398437,24.832748413085938,41.44999885559082
1970-11-27 18:02:44.993,20.042987823486328,79.93975830078125,150.49642181396484,78.03030395507812,82.5,61.23046875,99.94574737548828,23.226957321166992,39.69750857845866,41254.0,31.1429443359375,30.952545166015625,22.140045166015625,20.508087158203125,41.44999885559082
1970-11-27 18:02:46.001,20.042987823486328,79.93975830078125,150.49642181396484,78.03030395507812,82.5,61.23046875,99.94574737548828,23.226957321166992,39.69750857845866,41254.0,31.1429443359375,30.952545166015625,22.140045166015625,20.508087158203125,41.44999885559082
1970-11-27 18:02:46.994,19.948869705200195,79.93975830078125,149.4059295654297,78.03030395507812,82.0999984741211,61.23046875,99.94574737548828,23.228071212768555,41.59195638416197,41254.0,33.50927734375,30.5445556640625,28.232635498046875,26.763885498046875,41.44999885559082
1970-11-27 18:02:47.990,19.950653076171875,80.0,149.8860626220703,78.03030395507812,82.5,61.23046875,99.94574737548828,23.234712600708008,42.19755603501682,41254.0,33.91725158691406,22.112838745117188,21.786453247070312,26.49188232421875,41.44999885559082
1970-11-27 18:02:48.993,19.950653076171875,80.0,149.8860626220703,78.03030395507812,82.5,61.23046875,99.94574737548828,23.234712600708008,42.19755603501682,41254.0,33.91725158691406,22.112838745117188,21.786453247070312,26.49188232421875,41.44999885559082
1970-11-27 18:02:49.990,20.00406837463379,80.0,149.47916412353516,77.95454406738281,82.0999984741211,61.23046875,99.94574737548828,23.233936309814453,42.47578479299894,41254.0,33.07408142089844,27.634246826171875,23.03759765625,27.79745483398437,41.44999885559082
1970-11-27 18:02:51.003,20.06313705444336,79.93975830078125,149.30826568603516,78.03030395507812,81.4000015258789,61.23046875,99.94574737548828,23.241241455078125,42.629099231456784,41254.0,33.3460693359375,23.744781494140625,23.85357666015625,24.0711669921875,41.44999885559082
1970-11-27 18:02:51.994,20.06313705444336,79.93975830078125,149.30826568603516,78.03030395507812,81.4000015258789,61.23046875,99.94574737548828,23.241241455078125,42.629099231456784,41254.0,33.3460693359375,23.744781494140625,23.85357666015625,24.0711669921875,41.44999885559082
1970-11-27 18:02:53.992,19.987184524536133,80.06024169921875,149.25943756103516,78.03030395507812,82.4000015258789,61.23046875,99.94574737548828,23.253398895263672,40.785909416710936,41254.0,34.10765075683594,24.99594116210937,20.18170166015625,26.247100830078125,41.44999885559082
1970-11-27 18:02:53.000,20.07609748840332,80.0,148.68164825439453,78.03030395507812,81.69999694824219,61.23046875,99.94574737548828,23.249345779418945,41.47853335901027,41254.0,31.95892333984375,28.39581298828125,22.68402099609375,23.227996826171875,41.44999885559082
1970-11-27 18:02:55.003,19.987184524536133,80.06024169921875,149.25943756103516,78.03030395507812,82.4000015258789,61.23046875,99.94574737548828,23.253398895263672,40.785909416710936,41254.0,34.10765075683594,24.99594116210937,20.18170166015625,26.247100830078125,41.44999885559082
1970-11-27 18:02:55.994,19.91838264465332,80.0,149.30826568603516,78.03030395507812,81.4000015258789,61.23046875,99.94574737548828,23.255834579467773,41.98679379398713,41254.0,30.082183837890625,23.85357666015625,26.301498413085938,23.309600830078125,41.44999885559082
1970-11-27 18:02:56.991,19.938615798950195,80.0,149.94303131103516,77.95454406738281,82.5,61.23046875,99.94574737548828,23.25078773498535,41.38067935980191,41254.0,26.65509033203125,27.688644409179688,23.635986328125,22.357635498046875,41.44999885559082
1970-11-27 18:02:57.992,19.938615798950195,80.0,149.94303131103516,77.95454406738281,82.5,61.23046875,99.94574737548828,23.25078773498535,41.38067935980191,41254.0,26.65509033203125,27.688644409179688,23.635986328125,22.357635498046875,41.44999885559082
1970-11-27 18:02:58.991,19.99073600769043,80.0,149.17806243896484,78.03030395507812,81.9000015258789,61.23046875,99.94574737548828,23.251384735107425,41.873825852600675,41254.0,32.3125,25.24072265625,22.6024169921875,27.82464599609375,41.44999885559082
1970-11-27 18:02:59.993,20.02687263488769,80.0,149.9267578125,78.03030395507812,81.5999984741211,61.23046875,99.94574737548828,23.25166320800781,42.33704741849145,41254.0,31.7413330078125,22.112838745117188,24.15277099609375,23.9351806640625,41.44999885559082
1970-11-27 18:03:01.002,20.02687263488769,80.0,149.9267578125,78.03030395507812,81.5999984741211,61.23046875,99.94574737548828,23.25166320800781,42.33704741849145,41254.0,31.7413330078125,22.112838745117188,24.15277099609375,23.9351806640625,41.44999885559082
1970-11-27 18:03:02.992,19.943946838378903,80.0,148.57584381103516,77.95454406738281,82.5999984741211,61.23046875,99.94574737548828,23.255529403686523,41.79553309694797,41254.0,34.134857177734375,27.552642822265625,25.458328247070312,22.19442749023437,41.44999885559082
1970-11-27 18:03:02.000,20.02558898925781,80.0,149.31640625,78.03030395507812,82.30000305175781,61.23046875,99.94574737548828,23.2583065032959,39.33451977564716,41254.0,30.49017333984375,26.2742919921875,24.832748413085938,25.512725830078125,41.44999885559082
1970-11-27 18:03:03.994,19.943946838378903,80.0,148.57584381103516,77.95454406738281,82.5999984741211,61.23046875,99.94574737548828,23.255529403686523,41.79553309694797,41254.0,34.134857177734375,27.552642822265625,25.458328247070312,22.19442749023437,41.44999885559082
1970-11-27 18:03:04.993,19.935890197753903,80.0,148.42935943603516,77.95454406738281,81.5,61.23046875,99.94574737548828,23.25544548034668,44.44736660827995,41254.0,33.645263671875,28.504608154296875,24.315963745117188,25.15913391113281,41.44999885559082
1970-11-27 18:03:06.002,19.964513778686523,80.0,148.7548828125,78.03030395507812,81.4000015258789,61.23046875,99.94574737548828,23.259326934814453,43.03178580999326,41254.0,31.1429443359375,22.4664306640625,24.642364501953125,26.192703247070312,41.44999885559082
1970-11-27 18:03:07.005,19.964513778686523,80.0,148.7548828125,78.03030395507812,81.4000015258789,61.23046875,99.94574737548828,23.259326934814453,43.03178580999326,41254.0,31.1429443359375,22.4664306640625,24.642364501953125,26.192703247070312,41.44999885559082
1970-11-27 18:03:07.993,20.039024353027344,80.0,148.27474212646484,78.03030395507812,82.5,61.23046875,99.94574737548828,23.25879669189453,40.18743886954585,41254.0,32.55731201171875,25.349517822265625,20.317703247070312,26.95428466796875,41.44999885559082
1970-11-27 18:03:08.994,20.09207344055176,80.0,148.48633575439453,78.03030395507812,82.0,61.23046875,99.94574737548828,23.26576232910156,38.57413680021697,41254.0,32.74769592285156,28.232635498046875,18.359375,25.050338745117188,41.44999885559082
1970-11-27 18:03:10.003,20.09207344055176,80.0,148.48633575439453,78.03030395507812,82.0,61.23046875,99.94574737548828,23.26576232910156,38.57413680021697,41254.0,32.74769592285156,28.232635498046875,18.359375,25.050338745117188,41.44999885559082
1970-11-27 18:03:10.993,20.058927536010746,80.0,151.025390625,77.95454406738281,82.5999984741211,61.23046875,99.94574737548828,23.26540756225586,40.73116689669861,41254.0,27.38946533203125,30.59893798828125,25.4039306640625,27.47105407714844,41.44999885559082
1970-11-27 18:03:11.991,19.972562789916992,80.0,149.7639923095703,77.95454406738281,82.20000457763672,61.23046875,99.94574737548828,23.268808364868164,42.40220047510475,41254.0,30.87095642089844,29.67417907714844,21.35125732421875,26.192703247070312,41.44999885559082
1970-11-27 18:03:12.994,19.972562789916992,80.0,149.7639923095703,77.95454406738281,82.20000457763672,61.23046875,99.94574737548828,23.268808364868164,42.40220047510475,41254.0,30.87095642089844,29.67417907714844,21.35125732421875,26.192703247070312,41.44999885559082
1970-11-27 18:03:14.004,19.98747634887696,80.0,149.8860626220703,77.95454406738281,82.4000015258789,61.23046875,99.94574737548828,23.269933700561523,41.79284093795762,41254.0,28.12384033203125,21.1336669921875,28.287017822265625,27.36225891113281,41.44999885559082
1970-11-27 18:03:14.991,20.0299015045166,79.93975830078125,149.30013275146484,78.03030395507812,82.0,61.23046875,99.94574737548828,23.26759910583496,40.02393024878405,41254.0,27.11749267578125,26.682281494140625,23.47279357910156,25.648712158203125,41.44999885559082
1970-11-27 18:03:15.995,20.0299015045166,79.93975830078125,149.30013275146484,78.03030395507812,82.0,61.23046875,99.94574737548828,23.26759910583496,40.02393024878405,41254.0,27.11749267578125,26.682281494140625,23.47279357910156,25.648712158203125,41.44999885559082
1970-11-27 18:03:17.001,20.09718132019043,80.0,149.1536407470703,78.03030395507812,81.80000305175781,61.23046875,99.94574737548828,23.27083778381348,41.11720450527684,41254.0,31.387741088867188,26.65509033203125,24.01678466796875,23.03759765625,41.44999885559082
1970-11-27 18:03:17.994,20.115869522094727,80.06024169921875,149.09668731689453,78.03030395507812,82.0,61.23046875,99.94574737548828,23.266746520996094,41.5670202338992,41254.0,33.754058837890625,25.431121826171875,22.711212158203125,24.20716857910156,41.44999885559082
1970-11-27 18:03:18.994,20.115869522094727,80.06024169921875,149.09668731689453,78.03030395507812,82.0,61.23046875,99.94574737548828,23.266746520996094,41.5670202338992,41254.0,33.754058837890625,25.431121826171875,22.711212158203125,24.20716857910156,41.44999885559082
1970-11-27 18:03:19.992,20.04134178161621,79.93975830078125,148.6897735595703,77.95454406738281,81.30000305175781,61.23046875,99.94574737548828,23.26401710510254,41.49905262321394,41254.0,33.69966125488281,28.042236328125,21.623260498046875,25.97509765625,41.44999885559082
1970-11-27 18:03:20.992,20.006696701049805,80.0,148.91764068603516,77.95454406738281,81.5999984741211,61.23046875,99.94574737548828,23.26459312438965,43.749603857122196,41254.0,31.768524169921875,27.09027099609375,25.512725830078125,25.59432983398437,41.44999885559082
1970-11-27 18:03:22.000,20.006696701049805,80.0,148.91764068603516,77.95454406738281,81.5999984741211,61.23046875,99.94574737548828,23.26459312438965,43.749603857122196,41254.0,31.768524169921875,27.09027099609375,25.512725830078125,25.59432983398437,41.44999885559082
1970-11-27 18:03:23.002,20.035966873168945,80.0,149.12109375,78.03030395507812,82.20000457763672,61.23046875,99.94574737548828,23.266489028930664,40.097632878952176,41254.0,32.203704833984375,28.531814575195312,22.08563232421875,28.749420166015625,41.44999885559082
1970-11-27 18:03:23.990,20.08609199523925,80.0,149.00716400146484,78.03030395507812,82.0999984741211,61.23046875,99.94574737548828,23.26168632507324,41.67000645813933,41254.0,27.79745483398437,25.512725830078125,23.71759033203125,28.450225830078125,41.44999885559082
1970-11-27 18:03:24.993,20.08609199523925,80.0,149.00716400146484,78.03030395507812,82.0999984741211,61.23046875,99.94574737548828,23.26168632507324,41.67000645813933,41254.0,27.79745483398437,25.512725830078125,23.71759033203125,28.450225830078125,41.44999885559082
1970-11-27 18:03:25.992,20.109094619750977,80.0,149.4140625,77.95454406738281,82.0999984741211,61.23046875,99.94574737548828,23.264516830444336,39.931280759278444,41254.0,30.163787841796875,29.9461669921875,25.5399169921875,25.295135498046875,41.44999885559082
1970-11-27 18:03:26.992,20.04149627685547,80.0,149.5930938720703,78.03030395507812,82.4000015258789,61.23046875,99.94574737548828,23.25543594360352,40.65234161908485,41254.0,31.65972900390625,25.648712158203125,25.89350891113281,24.88714599609375,41.44999885559082
1970-11-27 18:03:27.994,20.04149627685547,80.0,149.5930938720703,78.03030395507812,82.4000015258789,61.23046875,99.94574737548828,23.25543594360352,40.65234161908485,41254.0,31.65972900390625,25.648712158203125,25.89350891113281,24.88714599609375,41.44999885559082
1970-11-27 18:03:28.992,19.942527770996094,79.93975830078125,149.21875,78.03030395507812,82.20000457763672,61.23046875,99.94574737548828,23.246055603027344,42.56396813276065,41254.0,27.144683837890625,27.36225891113281,28.06942749023437,21.26966857910156,41.44999885559082
1970-11-27 18:03:29.990,19.94028091430664,80.0,149.2838592529297,78.03030395507812,82.0999984741211,61.23046875,99.94574737548828,23.24856185913086,39.63105404875436,41254.0,30.59896850585937,28.4774169921875,23.2008056640625,24.53355407714844,41.44999885559082
1970-11-27 18:03:30.990,19.94028091430664,80.0,149.2838592529297,78.03030395507812,82.0999984741211,61.23046875,99.94574737548828,23.24856185913086,39.63105404875436,41254.0,30.59896850585937,28.4774169921875,23.2008056640625,24.53355407714844,41.44999885559082
1970-11-27 18:03:31.993,19.97398567199707,79.93975830078125,148.72232818603516,78.03030395507812,82.30000305175781,61.23046875,99.94574737548828,23.24626922607422,41.25876353032972,41254.0,34.73321533203125,28.504608154296875,26.1383056640625,21.18807983398437,41.44999885559082
1970-11-27 18:03:32.992,20.01338577270508,80.0,148.828125,77.95454406738281,81.9000015258789,61.23046875,99.94574737548828,23.25111961364746,42.6158866603296,41254.0,34.46124267578125,25.567108154296875,24.315963745117188,23.9351806640625,41.44999885559082
1970-11-27 18:03:33.992,20.01338577270508,80.0,148.828125,77.95454406738281,81.9000015258789,61.23046875,99.94574737548828,23.25111961364746,42.6158866603296,41254.0,34.46124267578125,25.567108154296875,24.315963745117188,23.9351806640625,41.44999885559082
1970-11-27 18:03:34.993,19.98115921020508,80.0,148.4049530029297,78.03030395507812,81.4000015258789,61.23046875,99.94574737548828,23.24947166442871,39.624228585239884,41254.0,32.4757080078125,24.53355407714844,19.28413391113281,27.171875,41.44999885559082
1970-11-27 18:03:36.001,19.8681697845459,79.93975830078125,149.45475006103516,78.03030395507812,82.20000457763672,61.23046875,99.94574737548828,23.245222091674805,41.83467168837407,41254.0,31.33334350585937,24.26156616210937,24.50634765625,28.85821533203125,41.44999885559082
1970-11-27 18:03:36.993,19.8681697845459,79.93975830078125,149.45475006103516,78.03030395507812,82.20000457763672,61.23046875,99.94574737548828,23.245222091674805,41.83467168837407,41254.0,31.33334350585937,24.26156616210937,24.50634765625,28.85821533203125,41.44999885559082
1970-11-27 18:03:38.003,19.835092544555664,79.93975830078125,149.00716400146484,78.03030395507812,81.5,61.23046875,99.94574737548828,23.24326133728028,43.91018973294455,41254.0,30.87095642089844,28.06942749023437,22.357635498046875,25.784713745117188,41.44999885559082
1970-11-27 18:03:38.995,19.874658584594727,80.06024169921875,149.08041381835938,77.95454406738281,82.20000457763672,61.23046875,99.94574737548828,23.241395950317383,42.93903298882107,41254.0,29.918991088867188,29.56538391113281,24.50634765625,27.6070556640625,41.44999885559082
1970-11-27 18:03:39.994,19.874658584594727,80.06024169921875,149.08041381835938,77.95454406738281,82.20000457763672,61.23046875,99.94574737548828,23.241395950317383,42.93903298882107,41254.0,29.918991088867188,29.56538391113281,24.50634765625,27.6070556640625,41.44999885559082
1970-11-27 18:03:41.003,19.94124794006348,80.0,148.94205474853516,78.03030395507812,81.69999694824219,61.23046875,99.94574737548828,23.23999786376953,42.860719848010845,41254.0,28.36865234375,30.40855407714844,24.696746826171875,27.68865966796875,41.44999885559082
1970-11-27 18:03:41.991,19.992416381835938,79.93975830078125,150.21971893310547,78.03030395507812,81.4000015258789,61.23046875,99.94574737548828,23.24011611938477,43.2682571020353,41254.0,31.170150756835938,29.29339599609375,23.010406494140625,22.493621826171875,41.44999885559082
1970-11-27 18:03:42.993,19.992416381835938,79.93975830078125,150.21971893310547,78.03030395507812,81.4000015258789,61.23046875,99.94574737548828,23.24011611938477,43.2682571020353,41254.0,31.170150756835938,29.29339599609375,23.010406494140625,22.493621826171875,41.44999885559082
1970-11-27 18:03:44.004,19.97233009338379,80.0,149.7233123779297,78.03030395507812,81.0,61.23046875,99.94574737548828,23.238922119140625,42.36706896490802,41254.0,27.443878173828125,27.579849243164062,27.280670166015625,22.68402099609375,41.44999885559082
1970-11-27 18:03:45.000,19.93826484680176,80.0,148.64095306396484,77.95454406738281,82.30000305175781,61.23046875,99.94574737548828,23.24295997619629,39.44807757634291,41254.0,33.890045166015625,24.615142822265625,21.59605407714844,26.682281494140625,41.44999885559082
1970-11-27 18:03:46.002,19.93826484680176,80.0,148.64095306396484,77.95454406738281,82.30000305175781,61.23046875,99.94574737548828,23.24295997619629,39.44807757634291,41254.0,33.890045166015625,24.615142822265625,21.59605407714844,26.682281494140625,41.44999885559082
1970-11-27 18:03:46.991,20.003692626953125,80.06024169921875,149.51171875,77.95454406738281,82.30000305175781,61.23046875,99.94574737548828,23.239686965942383,41.48272489973012,41254.0,31.442138671875,24.370361328125,25.431121826171875,23.227996826171875,41.44999885559082
1970-11-27 18:03:47.992,20.076404571533203,80.0,148.07942962646484,78.03030395507812,81.4000015258789,61.23046875,99.94574737548828,23.24162483215332,43.18053855766839,41254.0,32.285308837890625,30.16375732421875,18.65855407714844,25.59432983398437,41.44999885559082
1970-11-27 18:03:48.991,20.076404571533203,80.0,148.07942962646484,78.03030395507812,81.4000015258789,61.23046875,99.94574737548828,23.24162483215332,43.18053855766839,41254.0,32.285308837890625,30.16375732421875,18.65855407714844,25.59432983398437,41.44999885559082
1970-11-27 18:03:49.995,20.11427497863769,79.93975830078125,148.095703125,78.03030395507812,81.4000015258789,61.23046875,99.94574737548828,23.24549865722656,43.57218121593568,41254.0,33.890045166015625,25.349517822265625,23.635986328125,26.79107666015625,41.44999885559082
1970-11-27 18:03:51.002,20.140199661254883,80.0,148.7874298095703,78.03030395507812,82.0999984741211,61.23046875,99.94574737548828,23.244443893432617,41.150867697704335,41254.0,32.25811767578125,26.165496826171875,26.4375,22.901611328125,41.44999885559082
1970-11-27 18:03:51.992,20.140199661254883,80.0,148.7874298095703,78.03030395507812,82.0999984741211,61.23046875,99.94574737548828,23.244443893432617,41.150867697704335,41254.0,32.25811767578125,26.165496826171875,26.4375,22.901611328125,41.44999885559082
1970-11-27 18:03:53.003,20.07895851135254,80.06024169921875,149.267578125,78.03030395507812,82.4000015258789,61.23046875,99.94574737548828,23.243881225585938,42.12532519463707,41254.0,28.912628173828125,28.776611328125,23.010406494140625,24.6695556640625,41.44999885559082
1970-11-27 18:03:53.990,20.07225227355957,80.0,149.61751556396484,78.03030395507812,82.0,61.23046875,99.94574737548828,23.250093460083008,41.869561494923666,41254.0,29.59259033203125,28.531814575195312,28.015045166015625,21.92245483398437,41.44999885559082
1970-11-27 18:03:55.004,20.07225227355957,80.0,149.61751556396484,78.03030395507812,82.0,61.23046875,99.94574737548828,23.250093460083008,41.869561494923666,41254.0,29.59259033203125,28.531814575195312,28.015045166015625,21.92245483398437,41.44999885559082
1970-11-27 18:03:55.993,20.10505104064941,79.93975830078125,149.5524139404297,78.03030395507812,81.69999694824219,61.23046875,99.94574737548828,23.253829956054688,42.930457799508716,41254.0,27.79745483398437,28.232635498046875,25.67591857910156,23.41839599609375,41.44999885559082
1970-11-27 18:03:56.991,20.14169692993164,80.0,149.12923431396484,78.03030395507812,81.80000305175781,61.23046875,99.94574737548828,23.250852584838867,41.25980236836,41254.0,32.44850158691406,27.063064575195312,25.050338745117188,24.75115966796875,41.44999885559082
1970-11-27 18:03:57.994,20.14169692993164,80.0,149.12923431396484,78.03030395507812,81.80000305175781,61.23046875,99.94574737548828,23.250852584838867,41.25980236836,41254.0,32.44850158691406,27.063064575195312,25.050338745117188,24.75115966796875,41.44999885559082
1970-11-27 18:03:58.994,20.132715225219727,80.0,148.681640625,78.03030395507812,82.0,61.23046875,99.94574737548828,23.24957847595215,41.690617195597945,41254.0,31.49653625488281,26.79107666015625,25.24072265625,27.36225891113281,41.44999885559082
1970-11-27 18:04:00.001,20.01692581176757,80.0,149.0234375,78.03030395507812,82.30000305175781,61.23046875,99.94574737548828,23.245744705200195,40.86831756114602,41254.0,34.624420166015625,24.859939575195312,23.826385498046875,25.5399169921875,41.44999885559082
1970-11-27 18:04:00.992,20.01692581176757,80.0,149.0234375,78.03030395507812,82.30000305175781,61.23046875,99.94574737548828,23.245744705200195,40.86831756114602,41254.0,34.624420166015625,24.859939575195312,23.826385498046875,25.5399169921875,41.44999885559082
1970-11-27 18:04:01.991,19.84546089172364,80.0,149.38150787353516,78.03030395507812,82.5,61.23046875,99.94574737548828,23.24013900756836,42.16213634232176,41254.0,33.046875,27.6070556640625,21.26966857910156,25.13192749023437,41.44999885559082
1970-11-27 18:04:02.994,19.836048126220703,80.0,148.39681243896484,78.03030395507812,81.80000305175781,61.23046875,99.94574737548828,23.24336051940918,43.17414245001972,41254.0,32.77490234375,26.383087158203125,17.760986328125,27.44384765625,41.44999885559082
1970-11-27 18:04:04.003,19.836048126220703,80.0,148.39681243896484,78.03030395507812,81.80000305175781,61.23046875,99.94574737548828,23.24336051940918,43.17414245001972,41254.0,32.77490234375,26.383087158203125,17.760986328125,27.44384765625,41.44999885559082
1970-11-27 18:04:05.004,19.91830825805664,80.0,148.68978118896484,77.95454406738281,82.5,61.23046875,99.94574737548828,23.231840133666992,42.88133320820881,41254.0,33.56365966796875,26.60067749023437,23.3367919921875,25.73031616210937,41.44999885559082
1970-11-27 18:04:06.001,19.94640350341797,80.0,148.0550079345703,78.03030395507812,81.5999984741211,61.23046875,99.94574737548828,23.233287811279297,42.53585285809636,41254.0,30.163787841796875,29.42938232421875,26.763885498046875,25.784713745117188,41.44999885559082
1970-11-27 18:04:07.005,19.94640350341797,80.0,148.0550079345703,78.03030395507812,81.5999984741211,61.23046875,99.94574737548828,23.233287811279297,42.53585285809636,41254.0,30.163787841796875,29.42938232421875,26.763885498046875,25.784713745117188,41.44999885559082
1970-11-27 18:04:07.993,19.90657615661621,80.0,148.78743743896484,78.03030395507812,82.5999984741211,61.23046875,99.94574737548828,23.22882843017578,40.74094172157904,41254.0,31.170150756835938,27.280670166015625,25.75750732421875,24.8055419921875,41.44999885559082
1970-11-27 18:04:08.992,19.790319442749023,80.0,148.7386016845703,78.03030395507812,82.80000305175781,61.23046875,99.94574737548828,23.233991622924805,40.77213825943706,41254.0,28.85821533203125,28.4774169921875,25.73031616210937,23.3367919921875,41.44999885559082
1970-11-27 18:04:09.994,19.790319442749023,80.0,148.7386016845703,78.03030395507812,82.80000305175781,61.23046875,99.94574737548828,23.233991622924805,40.77213825943706,41254.0,28.85821533203125,28.4774169921875,25.73031616210937,23.3367919921875,41.44999885559082
1970-11-27 18:04:10.992,19.76819610595703,80.0,149.3571014404297,78.03030395507812,82.5,61.23046875,99.94574737548828,23.232955932617188,41.90181323683732,41254.0,31.034149169921875,27.117462158203125,23.309600830078125,28.015045166015625,41.44999885559082
1970-11-27 18:04:11.992,19.849205017089844,80.0,148.4700469970703,77.95454406738281,81.0,61.23046875,99.94574737548828,23.23569107055664,41.130534367282614,41254.0,32.802093505859375,25.295135498046875,22.629623413085938,25.648712158203125,41.44999885559082
1970-11-27 18:04:13.002,19.849205017089844,80.0,148.4700469970703,77.95454406738281,81.0,61.23046875,99.94574737548828,23.23569107055664,41.130534367282614,41254.0,32.802093505859375,25.295135498046875,22.629623413085938,25.648712158203125,41.44999885559082
1970-11-27 18:04:14.001,19.95902633666992,80.0,148.7060546875,77.95454406738281,82.20000457763672,61.23046875,99.94574737548828,23.2310733795166,39.7408947850965,41254.0,30.46298217773437,25.02313232421875,22.901611328125,28.749420166015625,41.44999885559082
1970-11-27 18:04:14.994,20.06883811950684,80.0,148.06314849853516,78.03030395507812,81.9000015258789,61.23046875,99.94574737548828,23.22991371154785,40.77381574781851,41254.0,34.352447509765625,24.832733154296875,24.914337158203125,23.309600830078125,41.44999885559082
1970-11-27 18:04:16.004,20.06883811950684,80.0,148.06314849853516,78.03030395507812,81.9000015258789,61.23046875,99.94574737548828,23.22991371154785,40.77381574781851,41254.0,34.352447509765625,24.832733154296875,24.914337158203125,23.309600830078125,41.44999885559082
1970-11-27 18:04:16.992,20.09082794189453,80.0,148.68978118896484,78.03030395507812,81.9000015258789,61.23046875,99.94574737548828,23.233211517333984,41.20461940991401,41254.0,33.454864501953125,26.763885498046875,24.94154357910156,27.634246826171875,41.44999885559082
1970-11-27 18:04:17.992,20.06700897216797,80.0,148.38053131103516,78.03030395507812,81.69999694824219,61.23046875,99.94574737548828,23.23407554626465,42.91900173483389,41254.0,34.189239501953125,27.688644409179688,24.6695556640625,24.642364501953125,41.44999885559082
1970-11-27 18:04:19.001,20.06700897216797,80.0,148.38053131103516,78.03030395507812,81.69999694824219,61.23046875,99.94574737548828,23.23407554626465,42.91900173483389,41254.0,34.189239501953125,27.688644409179688,24.6695556640625,24.642364501953125,41.44999885559082
1970-11-27 18:04:19.993,20.11971473693848,80.0,148.68164825439453,77.95454406738281,81.4000015258789,61.23046875,99.94574737548828,23.22476387023925,40.861673267115535,41254.0,31.60533142089844,25.32232666015625,24.20716857910156,22.847213745117188,41.44999885559082
1970-11-27 18:04:20.993,20.228784561157227,80.06024169921875,148.56771087646484,78.03030395507812,82.4000015258789,61.23046875,99.94574737548828,23.22212791442871,40.46824912884183,41254.0,26.87269592285156,26.73667907714844,23.907989501953125,22.92880249023437,41.44999885559082
1970-11-27 18:04:22.003,20.228784561157227,80.06024169921875,148.56771087646484,78.03030395507812,82.4000015258789,61.23046875,99.94574737548828,23.22212791442871,40.46824912884183,41254.0,26.87269592285156,26.73667907714844,23.907989501953125,22.92880249023437,41.44999885559082
1970-11-27 18:04:22.993,20.34504508972168,79.93975830078125,148.73046875,78.03030395507812,83.0,61.23046875,99.94574737548828,23.213647842407227,38.03485101198004,41254.0,30.381378173828125,26.219894409179688,27.416656494140625,23.39120483398437,41.44999885559082
1970-11-27 18:04:23.990,20.343650817871094,79.93975830078125,148.9908905029297,78.03030395507812,81.80000305175781,61.23046875,99.94574737548828,23.214609146118164,40.444706097882495,41254.0,30.35418701171875,28.368621826171875,26.79107666015625,25.5399169921875,41.44999885559082
1970-11-27 18:04:24.991,20.343650817871094,79.93975830078125,148.9908905029297,78.03030395507812,81.80000305175781,61.23046875,99.94574737548828,23.214609146118164,40.444706097882495,41254.0,30.35418701171875,28.368621826171875,26.79107666015625,25.5399169921875,41.44999885559082
1970-11-27 18:04:26.001,20.212703704833984,80.06024169921875,149.51171875,78.03030395507812,81.4000015258789,61.23046875,99.94574737548828,23.216529846191406,42.76961951927655,41254.0,29.15740966796875,28.55902099609375,23.85357666015625,25.73031616210937,41.44999885559082
1970-11-27 18:04:26.991,20.14232063293457,80.06024169921875,148.07942962646484,78.03030395507812,82.4000015258789,61.23046875,99.94574737548828,23.218448638916016,40.39495304002878,41254.0,29.72860717773437,23.2008056640625,24.098373413085938,27.68865966796875,41.44999885559082
1970-11-27 18:04:27.992,20.14232063293457,80.06024169921875,148.07942962646484,78.03030395507812,82.4000015258789,61.23046875,99.94574737548828,23.218448638916016,40.39495304002878,41254.0,29.72860717773437,23.2008056640625,24.098373413085938,27.68865966796875,41.44999885559082
1970-11-27 18:04:28.993,20.14528465270996,80.0,148.5595703125,77.95454406738281,81.5999984741211,61.23046875,99.94574737548828,23.2153434753418,41.5356109597762,41254.0,32.23091125488281,24.370361328125,23.581588745117188,24.343170166015625,41.44999885559082
1970-11-27 18:04:29.993,20.180606842041016,79.93975830078125,148.35611724853516,77.95454406738281,81.9000015258789,61.23046875,99.94574737548828,23.2138900756836,43.31333459351918,41254.0,33.101287841796875,26.2742919921875,26.383087158203125,25.26792907714844,41.44999885559082
1970-11-27 18:04:30.993,20.180606842041016,79.93975830078125,148.35611724853516,77.95454406738281,81.9000015258789,61.23046875,99.94574737548828,23.2138900756836,43.31333459351918,41254.0,33.101287841796875,26.2742919921875,26.383087158203125,25.26792907714844,41.44999885559082
1970-11-27 18:04:31.992,20.172117233276367,80.06024169921875,149.0559844970703,78.03030395507812,82.5,61.23046875,99.94574737548828,23.20748710632324,40.664431038618666,41254.0,33.536468505859375,29.40219116210937,23.39120483398437,22.167236328125,41.44999885559082
1970-11-27 18:04:33.001,20.037296295166016,80.06024169921875,148.4700469970703,78.03030395507812,81.80000305175781,61.23046875,99.94574737548828,23.201772689819336,41.6955016289851,41254.0,33.42767333984375,27.7430419921875,21.65045166015625,23.010406494140625,41.44999885559082
1970-11-27 18:04:33.994,20.037296295166016,80.06024169921875,148.4700469970703,78.03030395507812,81.80000305175781,61.23046875,99.94574737548828,23.201772689819336,41.6955016289851,41254.0,33.42767333984375,27.7430419921875,21.65045166015625,23.010406494140625,41.44999885559082
1970-11-27 18:04:34.995,19.8733139038086,79.93975830078125,148.0224609375,77.95454406738281,81.5,61.23046875,99.94574737548828,23.20320510864257,39.184094481992126,41254.0,27.85186767578125,25.050338745117188,19.583328247070312,21.840850830078125,41.44999885559082
1970-11-27 18:04:35.992,19.797563552856445,79.93975830078125,148.8199920654297,77.95454406738281,82.5999984741211,61.23046875,99.94574737548828,23.20463752746582,40.04746616568518,41254.0,32.502899169921875,28.3414306640625,22.6024169921875,26.981475830078125,41.44999885559082
1970-11-27 18:04:36.990,19.797563552856445,79.93975830078125,148.8199920654297,77.95454406738281,82.5999984741211,61.23046875,99.94574737548828,23.20463752746582,40.04746616568518,41254.0,32.502899169921875,28.3414306640625,22.6024169921875,26.981475830078125,41.44999885559082
1970-11-27 18:04:37.992,19.7609920501709,80.0,149.0478515625,77.95454406738281,81.80000305175781,61.23046875,99.94574737548828,23.205352783203125,41.02950305927802,41254.0,30.35418701171875,29.2117919921875,22.412017822265625,28.368621826171875,41.44999885559082
1970-11-27 18:04:38.993,19.77730941772461,80.0,148.974609375,78.03030395507812,82.5,61.23046875,99.94574737548828,23.205150604248047,42.08658737394886,41254.0,29.239013671875,29.42938232421875,22.140045166015625,29.102996826171875,41.44999885559082
1970-11-27 18:04:40.003,19.77730941772461,80.0,148.974609375,78.03030395507812,82.5,61.23046875,99.94574737548828,23.205150604248047,42.08658737394886,41254.0,29.239013671875,29.42938232421875,22.140045166015625,29.102996826171875,41.44999885559082
1970-11-27 18:04:40.990,19.7854118347168,80.0,147.412109375,78.03030395507812,81.5,61.23046875,99.94574737548828,23.200788497924805,43.81022435197286,41254.0,28.66783142089844,22.95600891113281,24.53355407714844,26.73667907714844,41.44999885559082
1970-11-27 18:04:41.994,19.69685173034668,80.0,148.0712890625,78.03030395507812,82.5999984741211,61.23046875,99.94574737548828,23.20142364501953,41.08305303576908,41254.0,33.971649169921875,24.2071533203125,24.723953247070312,27.0086669921875,41.44999885559082
1970-11-27 18:04:42.993,19.69685173034668,80.0,148.0712890625,78.03030395507812,82.5999984741211,61.23046875,99.94574737548828,23.20142364501953,41.08305303576908,41254.0,33.971649169921875,24.2071533203125,24.723953247070312,27.0086669921875,41.44999885559082
1970-11-27 18:04:44.002,19.680662155151367,80.0,147.74576568603516,77.95454406738281,81.4000015258789,61.23046875,99.94574737548828,23.20269203186035,42.896345873631745,41254.0,33.971649169921875,22.98321533203125,24.642364501953125,23.173614501953125,41.44999885559082
1970-11-27 18:04:44.992,19.754413604736328,80.0,148.6490936279297,77.95454406738281,82.5,61.23046875,99.94574737548828,23.2039794921875,42.204298985362755,41254.0,33.29168701171875,26.92706298828125,25.86630249023437,21.7320556640625,41.44999885559082
1970-11-27 18:04:45.991,19.754413604736328,80.0,148.6490936279297,77.95454406738281,82.5,61.23046875,99.94574737548828,23.2039794921875,42.204298985362755,41254.0,33.29168701171875,26.92706298828125,25.86630249023437,21.7320556640625,41.44999885559082
1970-11-27 18:04:46.994,19.96506690979004,79.93975830078125,147.1354217529297,78.03030395507812,81.5999984741211,61.23046875,99.94574737548828,23.204614639282227,42.998542815367074,41254.0,36.80035400390625,26.111099243164062,23.255203247070312,23.907989501953125,41.44999885559082
1970-11-27 18:04:47.991,20.061437606811523,80.0,148.0550079345703,78.03030395507812,81.69999694824219,61.23046875,99.94574737548828,23.205883026123047,38.59957514619502,41254.0,30.109375,26.00230407714844,20.75288391113281,21.51446533203125,41.44999885559082
1970-11-27 18:04:48.991,20.061437606811523,80.0,148.0550079345703,78.03030395507812,81.69999694824219,61.23046875,99.94574737548828,23.205883026123047,38.59957514619502,41254.0,30.109375,26.00230407714844,20.75288391113281,21.51446533203125,41.44999885559082
1970-11-27 18:04:49.992,20.115554809570312,80.0,149.169921875,78.03030395507812,82.0,61.23046875,99.94574737548828,23.20712661743164,40.9934207532013,41254.0,28.39584350585937,28.69500732421875,26.927078247070312,25.73031616210937,41.44999885559082
1970-11-27 18:04:51.001,20.11534118652344,80.0,150.7080078125,77.95454406738281,81.80000305175781,61.23046875,99.94574737548828,23.20775985717773,40.90756755588156,41254.0,29.86459350585937,25.5399169921875,23.55438232421875,28.53182983398437,41.44999885559082
1970-11-27 18:04:52.005,20.11534118652344,80.0,150.7080078125,77.95454406738281,81.80000305175781,61.23046875,99.94574737548828,23.20775985717773,40.90756755588156,41254.0,29.86459350585937,25.5399169921875,23.55438232421875,28.53182983398437,41.44999885559082
1970-11-27 18:04:52.990,20.16765022277832,79.93975830078125,151.00911712646484,78.03030395507812,81.80000305175781,61.23046875,99.94574737548828,23.209030151367188,42.29770409613249,41254.0,29.782989501953125,26.70947265625,24.75115966796875,24.560760498046875,41.44999885559082
1970-11-27 18:04:53.991,20.21370887756348,80.0,151.123046875,78.03030395507812,81.5999984741211,61.23046875,99.94574737548828,23.202974319458008,39.927784857336015,41254.0,31.65972900390625,30.054962158203125,24.832748413085938,27.52545166015625,41.44999885559082
1970-11-27 18:04:54.993,20.26240348815918,80.06024169921875,151.72525787353516,78.03030395507812,81.69999694824219,61.23046875,99.94574737548828,23.203527450561523,43.60645644705735,41254.0,33.50927734375,23.71759033203125,22.73841857910156,25.104736328125,41.44999885559082
1970-11-27 18:04:55.993,20.26240348815918,80.06024169921875,151.72525787353516,78.03030395507812,81.69999694824219,61.23046875,99.94574737548828,23.203527450561523,43.60645644705735,41254.0,33.50927734375,23.71759033203125,22.73841857910156,25.104736328125,41.44999885559082
1970-11-27 18:04:57.001,20.23600959777832,79.93975830078125,152.0182342529297,78.03030395507812,82.0999984741211,61.23046875,99.94574737548828,23.19893264770508,42.38232670219898,41254.0,33.3460693359375,25.349517822265625,24.234375,21.21527099609375,41.44999885559082
1970-11-27 18:04:58.004,20.09401512145996,79.93975830078125,152.5309295654297,78.03030395507812,81.80000305175781,61.23046875,99.94574737548828,23.193744659423828,39.94550306400985,41254.0,34.270843505859375,27.797439575195312,23.85357666015625,20.5625,41.44999885559082
1970-11-27 18:04:59.002,20.09401512145996,79.93975830078125,152.5309295654297,78.03030395507812,81.80000305175781,61.23046875,99.94574737548828,23.193744659423828,39.94550306400985,41254.0,34.270843505859375,27.797439575195312,23.85357666015625,20.5625,41.44999885559082
1970-11-27 18:04:59.991,19.963329315185547,80.0,152.97850799560547,77.95454406738281,81.5999984741211,61.23046875,99.94574737548828,23.19213104248047,43.5841482003498,41254.0,27.879058837890625,24.45196533203125,25.5399169921875,25.26792907714844,41.42499923706055
1970-11-27 18:05:01.003,19.928131103515625,80.0,153.84928131103516,77.95454406738281,81.4000015258789,61.23046875,99.94574737548828,23.184755325317383,41.74808873974931,41254.0,27.85186767578125,26.301483154296875,27.770248413085938,26.845489501953125,41.44999885559082
1970-11-27 18:05:01.995,19.928131103515625,80.0,153.84928131103516,77.95454406738281,81.4000015258789,61.23046875,99.94574737548828,23.184755325317383,41.74808873974931,41254.0,27.85186767578125,26.301483154296875,27.770248413085938,26.845489501953125,41.44999885559082
1970-11-27 18:05:03.004,19.957225799560547,80.0,154.70377349853516,78.03030395507812,81.80000305175781,61.23046875,99.94574737548828,23.1850643157959,41.361506093564444,41254.0,26.38311767578125,26.219894409179688,24.45196533203125,22.05844116210937,41.44999885559082
1970-11-27 18:05:03.993,19.9895076751709,79.93975830078125,154.38639068603516,78.03030395507812,81.5999984741211,61.23046875,99.94574737548828,23.178367614746094,44.672331094107506,41254.0,30.32696533203125,24.2071533203125,26.546295166015625,23.826385498046875,41.42499923706055
1970-11-27 18:05:04.995,19.9895076751709,79.93975830078125,154.38639068603516,78.03030395507812,81.5999984741211,61.23046875,99.94574737548828,23.178367614746094,44.672331094107506,41254.0,30.32696533203125,24.2071533203125,26.546295166015625,23.826385498046875,41.42499923706055
1970-11-27 18:05:05.990,19.90396499633789,80.06024169921875,155.75357818603516,78.03030395507812,82.0999984741211,61.23046875,99.94574737548828,23.17144775390625,41.68115579550779,41254.0,30.517364501953125,29.0758056640625,22.874420166015625,23.5,41.42499923706055
1970-11-27 18:05:06.994,19.790945053100582,80.0,155.85936737060547,78.03030395507812,82.0,61.23046875,99.94574737548828,23.171594619750977,43.05418808797671,41254.0,34.6788330078125,21.895233154296875,21.677642822265625,22.629623413085938,41.44999885559082
1970-11-27 18:05:07.994,19.790945053100582,80.0,155.85936737060547,78.03030395507812,82.0,61.23046875,99.94574737548828,23.171594619750977,43.05418808797671,41254.0,34.6788330078125,21.895233154296875,21.677642822265625,22.629623413085938,41.44999885559082
1970-11-27 18:05:08.995,19.79808235168457,79.93975830078125,155.76171875,77.95454406738281,82.9000015258789,61.23046875,99.94574737548828,23.171077728271484,41.02325774523582,41254.0,33.72686767578125,27.90625,23.11920166015625,23.581588745117188,41.44999885559082
1970-11-27 18:05:09.993,19.85384559631348,79.93975830078125,150.7405548095703,77.95454406738281,82.4000015258789,61.23046875,99.94574737548828,23.16472625732422,42.321666271340746,41254.0,33.78125,25.648712158203125,23.092010498046875,27.117462158203125,41.44999885559082
1970-11-27 18:05:10.994,19.85384559631348,79.93975830078125,150.7405548095703,77.95454406738281,82.4000015258789,61.23046875,99.94574737548828,23.16472625732422,42.321666271340746,41254.0,33.78125,25.648712158203125,23.092010498046875,27.117462158203125,41.44999885559082
1970-11-27 18:05:12.001,19.94129180908203,80.06024169921875,153.59700775146484,78.03030395507812,81.80000305175781,61.23046875,99.94574737548828,23.16160011291504,43.67168574210567,41254.0,31.550933837890625,27.307861328125,24.26156616210937,27.09027099609375,41.42499923706055
1970-11-27 18:05:13.002,20.0333194732666,80.0,153.7353515625,78.03030395507812,82.0999984741211,61.23046875,99.94574737548828,23.14608764648437,41.9243825874881,41254.0,31.714126586914062,20.12730407714844,22.112838745117188,24.696746826171875,41.44999885559082
1970-11-27 18:05:13.990,20.0333194732666,80.0,153.7353515625,78.03030395507812,82.0999984741211,61.23046875,99.94574737548828,23.14608764648437,41.9243825874881,41254.0,31.714126586914062,20.12730407714844,22.112838745117188,24.696746826171875,41.44999885559082
1970-11-27 18:05:14.990,20.056480407714844,79.93975830078125,155.4443359375,78.03030395507812,81.4000015258789,61.23046875,99.94574737548828,23.142696380615234,41.29410714143066,41254.0,30.082183837890625,25.13192749023437,23.52719116210937,23.010406494140625,41.42499923706055
1970-11-27 18:05:15.994,19.998226165771484,80.0,155.33040618896484,78.03030395507812,82.5,61.23046875,99.94574737548828,23.142337799072266,41.71483743656311,41254.0,29.511001586914062,26.845474243164062,24.96875,27.36225891113281,41.44999885559082
1970-11-27 18:05:16.990,19.998226165771484,80.0,155.33040618896484,78.03030395507812,82.5,61.23046875,99.94574737548828,23.142337799072266,41.71483743656311,41254.0,29.511001586914062,26.845474243164062,24.96875,27.36225891113281,41.44999885559082
1970-11-27 18:05:17.994,20.02036666870117,80.06024169921875,154.38639068603516,77.95454406738281,82.0999984741211,61.23046875,99.94574737548828,23.141979217529297,41.9894733813509,41254.0,29.29341125488281,30.789337158203125,26.95428466796875,23.907989501953125,41.42499923706055
1970-11-27 18:05:18.990,20.086000442504883,79.93975830078125,154.4677734375,77.95454406738281,81.30000305175781,61.23046875,99.94574737548828,23.14162254333496,41.56633857346164,41254.0,28.640625,28.6134033203125,20.372100830078125,21.48725891113281,41.42499923706055
1970-11-27 18:05:20.004,20.086000442504883,79.93975830078125,154.4677734375,77.95454406738281,81.30000305175781,61.23046875,99.94574737548828,23.14162254333496,41.56633857346164,41254.0,28.640625,28.6134033203125,20.372100830078125,21.48725891113281,41.42499923706055
1970-11-27 18:05:20.990,20.142009735107425,79.93975830078125,153.31217193603516,78.03030395507812,82.20000457763672,61.23046875,99.94574737548828,23.14144325256348,40.53450318336351,41254.0,32.502899169921875,26.46469116210937,20.75288391113281,26.573486328125,41.42499923706055
1970-11-27 18:05:21.994,20.13709831237793,80.0,153.3365936279297,78.03030395507812,82.5,61.23046875,99.94574737548828,23.141084671020508,40.4260832369813,41254.0,28.72222900390625,23.907974243164062,22.711212158203125,20.508087158203125,41.39999961853027
1970-11-27 18:05:23.004,20.13709831237793,80.0,153.3365936279297,78.03030395507812,82.5,61.23046875,99.94574737548828,23.141084671020508,40.4260832369813,41254.0,28.72222900390625,23.907974243164062,22.711212158203125,20.508087158203125,41.39999961853027
1970-11-27 18:05:23.994,20.01362991333008,80.06024169921875,153.88997650146484,78.03030395507812,82.30000305175781,61.23046875,99.94574737548828,23.14072608947754,40.12750500195084,41254.0,33.50927734375,27.280670166015625,19.06654357910156,27.851837158203125,41.42499923706055
1970-11-27 18:05:24.993,19.919544219970703,79.93975830078125,153.52376556396484,78.03030395507812,82.0999984741211,61.23046875,99.94574737548828,23.14054679870605,41.225501164447664,41254.0,30.87095642089844,25.15913391113281,22.82000732421875,26.519088745117188,41.42499923706055
1970-11-27 18:05:25.994,19.919544219970703,79.93975830078125,153.52376556396484,78.03030395507812,82.0999984741211,61.23046875,99.94574737548828,23.14054679870605,41.225501164447664,41254.0,30.87095642089844,25.15913391113281,22.82000732421875,26.519088745117188,41.42499923706055
1970-11-27 18:05:26.993,19.90770530700684,79.93975830078125,153.60514068603516,78.03030395507812,81.30000305175781,61.23046875,99.94574737548828,23.14018821716309,43.173574073394526,41254.0,30.109375,26.4375,24.12557983398437,25.295135498046875,41.39999961853027
1970-11-27 18:05:27.993,19.98273468017578,80.06024169921875,153.71907806396484,78.03030395507812,81.5,61.23046875,99.94574737548828,23.13982963562012,39.934736751277214,41254.0,30.76216125488281,25.485519409179688,22.520828247070312,26.763885498046875,41.39999961853027
1970-11-27 18:05:28.992,19.98273468017578,80.06024169921875,153.71907806396484,78.03030395507812,81.5,61.23046875,99.94574737548828,23.13982963562012,39.934736751277214,41254.0,30.76216125488281,25.485519409179688,22.520828247070312,26.763885498046875,41.39999961853027
1970-11-27 18:05:30.000,20.04611587524414,80.0,153.564453125,78.03030395507812,83.0999984741211,61.23046875,99.94574737548828,23.13965034484864,41.85159779248936,41254.0,31.06134033203125,22.765625,27.416656494140625,25.92071533203125,41.39999961853027
1970-11-27 18:05:31.001,19.99954605102539,79.93975830078125,154.74446868896484,77.95454406738281,83.0,61.23046875,99.94574737548828,23.139293670654297,40.74881870449559,41254.0,29.26620483398437,28.93980407714844,25.648712158203125,24.615142822265625,41.42499923706055
1970-11-27 18:05:32.003,19.99954605102539,79.93975830078125,154.74446868896484,77.95454406738281,83.0,61.23046875,99.94574737548828,23.139293670654297,40.74881870449559,41254.0,29.26620483398437,28.93980407714844,25.648712158203125,24.615142822265625,41.42499923706055
1970-11-27 18:05:32.993,19.902362823486328,80.0,154.14225006103516,78.03030395507812,82.0,61.23046875,99.94574737548828,23.138935089111328,43.311385615315245,41254.0,32.44850158691406,29.8101806640625,26.546295166015625,20.970489501953125,41.39999961853027
1970-11-27 18:05:33.991,19.89959716796875,80.0,153.2389373779297,78.03030395507812,81.4000015258789,61.23046875,99.94574737548828,23.11682891845703,41.79528674068735,41254.0,30.707763671875,23.9351806640625,23.989578247070312,24.88714599609375,41.42499923706055
1970-11-27 18:05:34.990,19.89959716796875,80.0,153.2389373779297,78.03030395507812,81.4000015258789,61.23046875,99.94574737548828,23.11682891845703,41.79528674068735,41254.0,30.707763671875,23.9351806640625,23.989578247070312,24.88714599609375,41.42499923706055
1970-11-27 18:05:36.000,19.957225799560547,80.06024169921875,153.24707794189453,78.03030395507812,81.9000015258789,61.23046875,99.94574737548828,23.108598709106445,41.04081872947953,41254.0,33.48207092285156,25.077545166015625,22.22163391113281,23.55438232421875,41.39999961853027
1970-11-27 18:05:37.003,20.04817581176757,79.93975830078125,153.49935150146484,78.03030395507812,82.80000305175781,61.23046875,99.94574737548828,23.10106468200684,39.006472541479816,41254.0,34.515625,25.62152099609375,21.052078247070312,27.579864501953125,41.39999961853027
1970-11-27 18:05:37.993,20.04817581176757,79.93975830078125,153.49935150146484,78.03030395507812,82.80000305175781,61.23046875,99.94574737548828,23.10106468200684,39.006472541479816,41254.0,34.515625,25.62152099609375,21.052078247070312,27.579864501953125,41.39999961853027
1970-11-27 18:05:38.993,20.07843780517578,79.93975830078125,154.39453125,78.03030395507812,83.0,61.23046875,99.94574737548828,23.099668502807617,39.73536224014628,41254.0,31.442138671875,26.111099243164062,21.160873413085938,25.89350891113281,41.39999961853027
1970-11-27 18:05:40.002,19.977872848510746,80.0,154.04459381103516,78.03030395507812,82.4000015258789,61.23046875,99.94574737548828,23.09849739074707,40.76809928128835,41254.0,33.07408142089844,27.851837158203125,21.759246826171875,24.832748413085938,41.39999961853027
1970-11-27 18:05:40.991,19.977872848510746,80.0,154.04459381103516,78.03030395507812,82.4000015258789,61.23046875,99.94574737548828,23.09849739074707,40.76809928128835,41254.0,33.07408142089844,27.851837158203125,21.759246826171875,24.832748413085938,41.39999961853027
1970-11-27 18:05:41.995,19.92985916137696,80.0,153.28775787353516,77.95454406738281,82.0,61.23046875,99.94574737548828,23.08512115478516,43.56299683050583,41254.0,26.89990234375,27.035858154296875,23.55438232421875,28.776611328125,41.39999961853027
1970-11-27 18:05:43.002,19.94887351989746,80.0,153.40982818603516,78.03030395507812,82.0,61.23046875,99.94574737548828,23.08196830749512,42.083771562264104,41254.0,29.6741943359375,28.20542907714844,28.042236328125,24.778350830078125,41.39999961853027
1970-11-27 18:05:43.995,19.94887351989746,80.0,153.40982818603516,78.03030395507812,82.0,61.23046875,99.94574737548828,23.08196830749512,42.083771562264104,41254.0,29.6741943359375,28.20542907714844,28.042236328125,24.778350830078125,41.39999961853027
1970-11-27 18:05:44.992,20.0373764038086,79.93975830078125,153.48307037353516,78.03030395507812,82.4000015258789,61.23046875,99.94574737548828,23.07396697998047,39.1179829603109,41254.0,26.410308837890625,28.17822265625,27.44384765625,24.39755249023437,41.39999961853027
1970-11-27 18:05:45.993,20.135740280151367,80.06024169921875,153.8411407470703,78.03030395507812,82.5,61.23046875,99.94574737548828,23.06252861022949,41.391674490123876,41254.0,26.16552734375,31.00692749023437,24.50634765625,20.83447265625,41.39999961853027
1970-11-27 18:05:47.004,20.135740280151367,80.06024169921875,153.8411407470703,78.03030395507812,82.5,61.23046875,99.94574737548828,23.06252861022949,41.391674490123876,41254.0,26.16552734375,31.00692749023437,24.50634765625,20.83447265625,41.39999961853027
1970-11-27 18:05:48.990,20.026344299316406,79.93975830078125,153.3935546875,78.03030395507812,82.0,61.23046875,99.94574737548828,23.053918838500977,40.42981009130658,41254.0,31.1429443359375,27.22625732421875,20.10009765625,27.6070556640625,41.39999961853027
1970-11-27 18:05:48.000,20.127553939819336,80.06024169921875,154.19921875,78.03030395507812,82.70000457763672,61.23046875,99.94574737548828,23.05590438842773,41.59433165271044,41254.0,32.63890075683594,28.722213745117188,22.65682983398437,22.575225830078125,41.39999961853027
1970-11-27 18:05:49.991,20.026344299316406,79.93975830078125,153.3935546875,78.03030395507812,82.0,61.23046875,99.94574737548828,23.053918838500977,40.42981009130658,41254.0,31.1429443359375,27.22625732421875,20.10009765625,27.6070556640625,41.39999961853027
1970-11-27 18:05:51.004,20.0026798248291,80.0,152.978515625,78.03030395507812,80.9000015258789,61.23046875,99.94574737548828,23.04047393798828,44.04618531318998,41254.0,33.318878173828125,23.907974243164062,24.642364501953125,24.043975830078125,41.39999961853027
1970-11-27 18:05:52.004,20.01768112182617,80.0,153.7678985595703,78.03030395507812,81.5999984741211,61.23046875,99.94574737548828,23.03610610961914,42.98133535587798,41254.0,32.39410400390625,23.445587158203125,19.39292907714844,29.130203247070312,41.39999961853027
1970-11-27 18:05:52.990,20.01768112182617,80.0,153.7678985595703,78.03030395507812,81.5999984741211,61.23046875,99.94574737548828,23.03610610961914,42.98133535587798,41254.0,32.39410400390625,23.445587158203125,19.39292907714844,29.130203247070312,41.39999961853027
1970-11-27 18:05:53.994,20.071189880371094,80.06024169921875,152.8157501220703,77.95454406738281,81.5999984741211,61.23046875,99.94574737548828,23.023988723754883,41.71451087913011,41254.0,32.85649108886719,26.981475830078125,19.474517822265625,24.50634765625,41.39999961853027
1970-11-27 18:05:54.990,20.09140014648437,79.93975830078125,153.27962493896484,78.03030395507812,82.30000305175781,61.23046875,99.94574737548828,23.01652908325196,42.84032237546613,41254.0,31.06134033203125,24.9415283203125,21.405670166015625,25.050338745117188,41.39999961853027
1970-11-27 18:05:55.991,20.09140014648437,79.93975830078125,153.27962493896484,78.03030395507812,82.30000305175781,61.23046875,99.94574737548828,23.01652908325196,42.84032237546613,41254.0,31.06134033203125,24.9415283203125,21.405670166015625,25.050338745117188,41.39999961853027
1970-11-27 18:05:57.005,19.97975730895996,79.93975830078125,153.0354766845703,78.03030395507812,81.5999984741211,61.23046875,99.94574737548828,23.01521110534668,41.11982409411534,41254.0,33.046875,25.512725830078125,23.989578247070312,22.33042907714844,41.39999961853027
1970-11-27 18:05:57.991,19.9070053100586,80.0,153.01107025146484,78.03030395507812,81.69999694824219,61.23046875,99.94574737548828,23.00518798828125,43.072188532264605,41254.0,30.299774169921875,24.479156494140625,28.368621826171875,21.623260498046875,41.39999961853027
1970-11-27 18:05:59.005,19.9070053100586,80.0,153.01107025146484,78.03030395507812,81.69999694824219,61.23046875,99.94574737548828,23.00518798828125,43.072188532264605,41254.0,30.299774169921875,24.479156494140625,28.368621826171875,21.623260498046875,41.39999961853027
1970-11-27 18:05:59.993,19.876415252685547,80.0,152.0751953125,78.03030395507812,81.5,61.23046875,99.94574737548828,22.997276306152344,40.09540612645699,41254.0,27.498275756835938,27.38946533203125,25.24072265625,22.33042907714844,41.39999961853027
1970-11-27 18:06:00.991,19.900529861450195,79.93975830078125,153.1656951904297,77.95454406738281,82.0,61.23046875,99.94574737548828,22.98611068725586,39.536941531928214,41254.0,29.511001586914062,27.171875,23.66317749023437,27.117462158203125,41.39999961853027
1970-11-27 18:06:01.991,19.900529861450195,79.93975830078125,153.1656951904297,77.95454406738281,82.0,61.23046875,99.94574737548828,22.98611068725586,39.536941531928214,41254.0,29.511001586914062,27.171875,23.66317749023437,27.117462158203125,41.39999961853027
1970-11-27 18:06:02.995,19.93805694580078,80.0,153.04361724853516,78.03030395507812,82.0999984741211,61.23046875,99.94574737548828,22.98298454284668,41.637619240039776,41255.0,31.06134033203125,27.117462158203125,25.703125,24.179962158203125,41.39999961853027
1970-11-27 18:06:03.993,19.86421012878418,80.0,152.99478912353516,78.03030395507812,82.0999984741211,61.23046875,99.94574737548828,22.981422424316406,42.18959107949471,41255.0,32.25811767578125,26.845474243164062,22.65682983398437,26.95428466796875,41.39999961853027
1970-11-27 18:06:04.991,19.86421012878418,80.0,152.99478912353516,78.03030395507812,82.0999984741211,61.23046875,99.94574737548828,22.981422424316406,42.18959107949471,41255.0,32.25811767578125,26.845474243164062,22.65682983398437,26.95428466796875,41.39999961853027
1970-11-27 18:06:05.992,19.80624961853028,80.0,153.15755462646484,78.03030395507812,82.5999984741211,61.23046875,99.94574737548828,22.970972061157227,40.64645110605276,41255.0,34.97802734375,24.6695556640625,23.907989501953125,26.70947265625,41.39999961853027
1970-11-27 18:06:06.992,19.845430374145508,79.93975830078125,153.2958984375,78.03030395507812,82.0,61.23046875,99.94574737548828,22.95705986022949,41.41668556033362,41255.0,31.442138671875,23.092010498046875,23.635986328125,28.042236328125,41.39999961853027
1970-11-27 18:06:07.993,19.845430374145508,79.93975830078125,153.2958984375,78.03030395507812,82.0,61.23046875,99.94574737548828,22.95705986022949,41.41668556033362,41255.0,31.442138671875,23.092010498046875,23.635986328125,28.042236328125,41.39999961853027
1970-11-27 18:06:09.003,19.961570739746094,80.0,152.9378204345703,78.03030395507812,81.5999984741211,61.23046875,99.94574737548828,22.944549560546875,42.64580208018413,41255.0,28.88543701171875,29.320587158203125,21.65045166015625,22.22163391113281,41.39999961853027
1970-11-27 18:06:09.992,20.07705879211425,80.06024169921875,153.4098358154297,78.03030395507812,81.80000305175781,61.23046875,99.94574737548828,22.93293571472168,42.08228070993785,41255.0,32.33970642089844,24.832733154296875,22.24884033203125,23.41839599609375,41.39999961853027
1970-11-27 18:06:10.990,20.07705879211425,80.06024169921875,153.4098358154297,78.03030395507812,81.80000305175781,61.23046875,99.94574737548828,22.93293571472168,42.08228070993785,41255.0,32.33970642089844,24.832733154296875,22.24884033203125,23.41839599609375,41.39999961853027
1970-11-27 18:06:12.005,20.112205505371094,80.06024169921875,153.06803131103516,77.95454406738281,81.9000015258789,61.23046875,99.94574737548828,22.921667098999023,41.494183841037696,41255.0,30.299774169921875,28.423019409179688,27.38946533203125,23.55438232421875,41.39999961853027
1970-11-27 18:06:12.995,20.0581169128418,79.93975830078125,153.19010162353516,77.95454406738281,81.80000305175781,61.23046875,99.94574737548828,22.91108512878418,41.8695373722332,41255.0,29.86459350585937,28.91259765625,26.301498413085938,24.343170166015625,41.39999961853027
1970-11-27 18:06:14.001,20.0581169128418,79.93975830078125,153.19010162353516,77.95454406738281,81.80000305175781,61.23046875,99.94574737548828,22.91108512878418,41.8695373722332,41255.0,29.86459350585937,28.91259765625,26.301498413085938,24.343170166015625,41.39999961853027
1970-11-27 18:06:14.993,20.072324752807617,79.93975830078125,153.3284454345703,78.03030395507812,82.30000305175781,61.23046875,99.94574737548828,22.89920234680176,39.42604121619445,41255.0,28.232650756835938,30.218170166015625,21.677642822265625,24.560760498046875,41.39999961853027
1970-11-27 18:06:15.994,20.12994384765625,80.06024169921875,153.36100006103516,78.03030395507812,82.30000305175781,61.23046875,99.94574737548828,22.88901710510254,41.512570817503466,41255.0,31.578125,25.97509765625,22.95600891113281,28.06942749023437,41.39999961853027
1970-11-27 18:06:16.991,20.12994384765625,80.06024169921875,153.36100006103516,78.03030395507812,82.30000305175781,61.23046875,99.94574737548828,22.88901710510254,41.512570817503466,41255.0,31.578125,25.97509765625,22.95600891113281,28.06942749023437,41.39999961853027
1970-11-27 18:06:17.991,20.181983947753903,80.0,153.98763275146484,78.03030395507812,82.30000305175781,61.23046875,99.94574737548828,22.87542533874512,41.01371889616765,41255.0,28.314239501953125,29.048599243164062,24.778350830078125,26.70947265625,41.39999961853027
1970-11-27 18:06:19.004,20.179956436157227,79.93975830078125,152.03450775146484,77.95454406738281,81.69999694824219,61.23046875,99.94574737548828,22.86735916137696,42.31386935616637,41255.0,32.09490966796875,21.65045166015625,21.976837158203125,25.349517822265625,41.39999961853027
1970-11-27 18:06:20.002,20.179956436157227,79.93975830078125,152.03450775146484,77.95454406738281,81.69999694824219,61.23046875,99.94574737548828,22.86735916137696,42.31386935616637,41255.0,32.09490966796875,21.65045166015625,21.976837158203125,25.349517822265625,41.39999961853027
1970-11-27 18:06:21.004,20.02667236328125,80.0,152.25423431396484,77.95454406738281,82.0,61.23046875,99.94574737548828,22.85503387451172,42.61128766568023,41255.0,30.653366088867188,24.778350830078125,23.03759765625,25.431121826171875,41.39999961853027
1970-11-27 18:06:22.002,19.93317031860352,80.06024169921875,152.09146881103516,78.03030395507812,81.9000015258789,61.23046875,99.94574737548828,22.84671401977539,41.699955754253146,41255.0,33.971649169921875,26.682281494140625,18.468170166015625,23.445587158203125,41.39999961853027
1970-11-27 18:06:22.991,19.93317031860352,80.06024169921875,152.09146881103516,78.03030395507812,81.9000015258789,61.23046875,99.94574737548828,22.84671401977539,41.699955754253146,41255.0,33.971649169921875,26.682281494140625,18.468170166015625,23.445587158203125,41.39999961853027
1970-11-27 18:06:23.994,19.90811920166016,80.0,152.94596099853516,78.03030395507812,82.0,61.23046875,99.94574737548828,22.837635040283203,42.84384016690445,41255.0,33.50927734375,27.33505249023437,24.832748413085938,22.357635498046875,41.39999961853027
1970-11-27 18:06:24.993,19.934890747070312,80.0,152.21353912353516,78.03030395507812,81.69999694824219,61.23046875,99.94574737548828,22.825773239135746,41.8190072662392,41255.0,30.46298217773437,28.287017822265625,23.41839599609375,25.512725830078125,41.39999961853027
1970-11-27 18:06:25.990,19.934890747070312,80.0,152.21353912353516,78.03030395507812,81.69999694824219,61.23046875,99.94574737548828,22.825773239135746,41.8190072662392,41255.0,30.46298217773437,28.287017822265625,23.41839599609375,25.512725830078125,41.39999961853027
1970-11-27 18:06:26.992,20.005002975463867,80.0,153.2470703125,77.95454406738281,82.30000305175781,61.23046875,99.94574737548828,22.807233810424805,40.74773909381456,41255.0,28.8038330078125,24.098358154296875,25.32232666015625,24.6695556640625,41.39999961853027
1970-11-27 18:06:27.991,20.017541885375977,79.93975830078125,153.05989837646484,77.95454406738281,82.4000015258789,61.23046875,99.94574737548828,22.792171478271484,40.487947782920884,41255.0,29.483795166015625,22.656814575195312,23.66317749023437,26.62788391113281,41.39999961853027
1970-11-27 18:06:28.994,20.017541885375977,79.93975830078125,153.05989837646484,77.95454406738281,82.4000015258789,61.23046875,99.94574737548828,22.792171478271484,40.487947782920884,41255.0,29.483795166015625,22.656814575195312,23.66317749023437,26.62788391113281,41.39999961853027
1970-11-27 18:06:29.994,19.93198585510254,80.0,153.92252349853516,78.03030395507812,82.9000015258789,61.23046875,99.94574737548828,22.77803611755371,40.75537997192563,41255.0,33.26446533203125,25.73031616210937,24.043975830078125,27.6070556640625,41.39999961853027
1970-11-27 18:06:30.993,19.87914657592773,80.0,152.92154693603516,78.03030395507812,82.70000457763672,61.23046875,99.94574737548828,22.761240005493164,40.83842710669848,41255.0,29.59259033203125,28.20542907714844,25.050338745117188,27.36225891113281,41.39999961853027
1970-11-27 18:06:31.995,19.87914657592773,80.0,152.92154693603516,78.03030395507812,82.70000457763672,61.23046875,99.94574737548828,22.761240005493164,40.83842710669848,41255.0,29.59259033203125,28.20542907714844,25.050338745117188,27.36225891113281,41.39999961853027
1970-11-27 18:06:33.001,19.894420623779297,80.0,152.9296875,78.03030395507812,82.20000457763672,61.23046875,99.94574737548828,22.75234603881836,40.00578779004384,41255.0,30.4085693359375,24.315963745117188,24.53355407714844,29.15740966796875,41.39999961853027
1970-11-27 18:06:33.991,19.97099494934082,80.0,151.9775390625,77.95454406738281,81.5,61.23046875,99.94574737548828,22.738500595092773,42.659769641584354,41255.0,29.184616088867188,28.885406494140625,24.315963745117188,22.33042907714844,41.39999961853027
1970-11-27 18:06:34.993,19.97099494934082,80.0,151.9775390625,77.95454406738281,81.5,61.23046875,99.94574737548828,22.738500595092773,42.659769641584354,41255.0,29.184616088867188,28.885406494140625,24.315963745117188,22.33042907714844,41.39999961853027
1970-11-27 18:06:36.003,20.06427001953125,80.0,151.220703125,77.95454406738281,81.5999984741211,61.23046875,99.94574737548828,22.73514747619629,42.53072021975281,41255.0,33.59086608886719,24.914337158203125,18.87615966796875,20.290496826171875,41.39999961853027
1970-11-27 18:06:36.993,20.03689765930176,80.0,150.81380462646484,78.03030395507812,81.9000015258789,61.23046875,99.94574737548828,22.72844123840332,41.6176449450053,41255.0,32.85649108886719,18.740142822265625,22.54803466796875,21.378463745117188,41.39999961853027
1970-11-27 18:06:37.991,20.03689765930176,80.0,150.81380462646484,78.03030395507812,81.9000015258789,61.23046875,99.94574737548828,22.72844123840332,41.6176449450053,41255.0,32.85649108886719,18.740142822265625,22.54803466796875,21.378463745117188,41.39999961853027
1970-11-27 18:06:38.992,19.9567928314209,80.06024169921875,151.80663299560547,78.03030395507812,81.5999984741211,61.23046875,99.94574737548828,22.717634201049805,42.34092865532198,41255.0,29.26620483398437,28.776611328125,25.67591857910156,23.71759033203125,41.39999961853027
1970-11-27 18:06:40.003,19.968929290771484,80.0,152.18912506103516,78.03030395507812,82.5,61.23046875,99.94574737548828,22.707746505737305,41.67835363203677,41255.0,33.454864501953125,27.0086669921875,23.06480407714844,27.253463745117188,41.39999961853027
1970-11-27 18:06:40.995,19.968929290771484,80.0,152.18912506103516,78.03030395507812,82.5,61.23046875,99.94574737548828,22.707746505737305,41.67835363203677,41255.0,33.454864501953125,27.0086669921875,23.06480407714844,27.253463745117188,41.39999961853027
1970-11-27 18:06:41.990,20.00679397583008,79.93975830078125,153.3203125,78.03030395507812,82.5,61.23046875,99.94574737548828,22.695032119750977,40.83091595433908,41255.0,30.245376586914062,27.280670166015625,27.36225891113281,25.73031616210937,41.39999961853027
1970-11-27 18:06:43.001,20.07138442993164,80.0,153.22265625,77.95454406738281,81.80000305175781,61.23046875,99.94574737548828,22.66745376586914,43.79577487274291,41255.0,27.82466125488281,28.3414306640625,21.94964599609375,24.85995483398437,41.39999961853027
1970-11-27 18:06:43.992,20.07138442993164,80.0,153.22265625,77.95454406738281,81.80000305175781,61.23046875,99.94574737548828,22.66745376586914,43.79577487274291,41255.0,27.82466125488281,28.3414306640625,21.94964599609375,24.85995483398437,41.39999961853027
1970-11-27 18:06:44.995,20.08828353881836,80.0,153.22265625,77.95454406738281,82.0,61.23046875,99.94574737548828,22.65963554382324,41.60483271721373,41255.0,28.55903625488281,28.368621826171875,24.642364501953125,26.573486328125,41.39999961853027
1970-11-27 18:06:46.003,19.992374420166016,79.93975830078125,151.8473358154297,78.03030395507812,82.5,61.23046875,99.94574737548828,22.648740768432617,41.810591768826654,41255.0,26.111114501953125,30.245361328125,22.439239501953125,25.295135498046875,41.39999961853027
1970-11-27 18:06:46.995,19.992374420166016,79.93975830078125,151.8473358154297,78.03030395507812,82.5,61.23046875,99.94574737548828,22.648740768432617,41.810591768826654,41255.0,26.111114501953125,30.245361328125,22.439239501953125,25.295135498046875,41.39999961853027
1970-11-27 18:06:47.992,19.94468116760254,80.0,151.91243743896484,78.03030395507812,81.69999694824219,61.23046875,99.94574737548828,22.63290977478028,43.50730900603313,41255.0,32.04052734375,29.29339599609375,21.7320556640625,25.13192749023437,41.39999961853027
1970-11-27 18:06:49.004,19.96626663208008,80.0,151.3671875,78.03030395507812,81.80000305175781,61.23046875,99.94574737548828,22.62248039245605,41.934815325149586,41255.0,31.714126586914062,24.615142822265625,22.08563232421875,20.2633056640625,41.39999961853027
1970-11-27 18:06:49.993,19.96626663208008,80.0,151.3671875,78.03030395507812,81.80000305175781,61.23046875,99.94574737548828,22.62248039245605,41.934815325149586,41255.0,31.714126586914062,24.615142822265625,22.08563232421875,20.2633056640625,41.39999961853027
1970-11-27 18:06:50.990,20.042539596557617,80.0,151.79036712646484,78.03030395507812,82.4000015258789,61.23046875,99.94574737548828,22.607158660888672,39.850156969938226,41255.0,32.938079833984375,25.349517822265625,22.874420166015625,23.28240966796875,41.39999961853027
1970-11-27 18:06:51.990,20.10957717895508,79.93975830078125,152.5471954345703,78.03030395507812,82.80000305175781,61.23046875,99.94574737548828,22.584199905395508,39.73963555691292,41255.0,30.35418701171875,22.357635498046875,21.704864501953125,22.901611328125,41.39999961853027
1970-11-27 18:06:52.991,20.10957717895508,79.93975830078125,152.5471954345703,78.03030395507812,82.80000305175781,61.23046875,99.94574737548828,22.584199905395508,39.73963555691292,41255.0,30.35418701171875,22.357635498046875,21.704864501953125,22.901611328125,41.39999961853027
1970-11-27 18:06:53.992,20.06509590148925,80.0,152.0670623779297,78.03030395507812,82.20000457763672,61.23046875,99.94574737548828,22.575702667236328,40.06256653468493,41255.0,31.93173217773437,26.383087158203125,25.104736328125,27.171875,41.39999961853027
1970-11-27 18:06:54.993,19.938045501708984,80.0,152.8564453125,78.03030395507812,82.30000305175781,61.23046875,99.94574737548828,22.569828033447266,41.70377320874849,41255.0,30.898162841796875,24.15277099609375,27.498260498046875,25.703125,41.39999961853027
1970-11-27 18:06:56.004,19.938045501708984,80.0,152.8564453125,78.03030395507812,82.30000305175781,61.23046875,99.94574737548828,22.569828033447266,41.70377320874849,41255.0,30.898162841796875,24.15277099609375,27.498260498046875,25.703125,41.39999961853027
1970-11-27 18:06:56.991,19.906265258789062,80.0,152.3681640625,78.03030395507812,82.20000457763672,61.23046875,99.94574737548828,22.54814910888672,42.50700370694869,41255.0,27.09028625488281,26.00230407714844,24.6695556640625,27.117462158203125,41.39999961853027
1970-11-27 18:06:57.995,19.93596839904785,79.93975830078125,151.6438751220703,78.03030395507812,82.5,61.23046875,99.94574737548828,22.532846450805664,42.38522638654927,41255.0,30.299774169921875,28.531814575195312,23.52719116210937,24.28875732421875,41.39999961853027
1970-11-27 18:06:58.995,19.93596839904785,79.93975830078125,151.6438751220703,78.03030395507812,82.5,61.23046875,99.94574737548828,22.532846450805664,42.38522638654927,41255.0,30.299774169921875,28.531814575195312,23.52719116210937,24.28875732421875,41.39999961853027
1970-11-27 18:07:00.004,20.00805282592773,80.06024169921875,152.16471099853516,78.03030395507812,81.30000305175781,61.23046875,99.94574737548828,22.52754592895508,42.17800526254478,41255.0,31.30615234375,28.99420166015625,25.02313232421875,25.48553466796875,41.39999961853027
1970-11-27 18:07:01.002,20.011381149291992,80.06024169921875,151.98567962646484,78.03030395507812,81.4000015258789,61.23046875,99.94574737548828,22.51856231689453,43.968924658447555,41255.0,32.366912841796875,26.818267822265625,23.66317749023437,23.39120483398437,41.39999961853027
1970-11-27 18:07:01.994,20.011381149291992,80.06024169921875,151.98567962646484,78.03030395507812,81.4000015258789,61.23046875,99.94574737548828,22.51856231689453,43.968924658447555,41255.0,32.366912841796875,26.818267822265625,23.66317749023437,23.39120483398437,41.39999961853027
1970-11-27 18:07:03.004,19.906644821166992,79.93975830078125,151.11490631103516,78.03030395507812,80.9000015258789,61.23046875,99.94574737548828,22.50957679748535,44.15848541916283,41255.0,30.87095642089844,27.416656494140625,20.9976806640625,22.54803466796875,41.39999961853027
1970-11-27 18:07:04.004,19.90180397033692,79.93975830078125,150.48828125,78.03030395507812,81.80000305175781,61.23046875,99.94574737548828,22.50508499145508,42.30925132618195,41255.0,32.99249267578125,23.173599243164062,19.936920166015625,22.276031494140625,41.39999961853027
1970-11-27 18:07:05.001,19.90180397033692,79.93975830078125,150.48828125,78.03030395507812,81.80000305175781,61.23046875,99.94574737548828,22.50508499145508,42.30925132618195,41255.0,32.99249267578125,23.173599243164062,19.936920166015625,22.276031494140625,41.39999961853027
1970-11-27 18:07:06.000,19.93134307861328,80.06024169921875,151.806640625,77.95454406738281,82.30000305175781,61.23046875,99.94574737548828,22.49610137939453,40.077036668005135,41255.0,31.850128173828125,26.8726806640625,22.79281616210937,24.39755249023437,41.39999961853027
1970-11-27 18:07:07.003,20.01346015930176,80.06024169921875,152.7180938720703,78.03030395507812,82.80000305175781,61.23046875,99.94574737548828,22.48711585998535,41.15206383566967,41255.0,32.12211608886719,27.66143798828125,24.6695556640625,28.91259765625,41.39999961853027
1970-11-27 18:07:07.993,20.01346015930176,80.06024169921875,152.7180938720703,78.03030395507812,82.80000305175781,61.23046875,99.94574737548828,22.48711585998535,41.15206383566967,41255.0,32.12211608886719,27.66143798828125,24.6695556640625,28.91259765625,41.39999961853027
1970-11-27 18:07:09.995,20.006492614746094,79.93975830078125,151.96939849853516,77.95454406738281,82.5999984741211,61.23046875,99.94574737548828,22.47037696838379,43.36145645162951,41255.0,29.59259033203125,28.314224243164062,28.042236328125,24.75115966796875,41.39999961853027
1970-11-27 18:07:09.000,20.071245193481445,79.93975830078125,152.294921875,78.03030395507812,81.5,61.23046875,99.94574737548828,22.48262405395508,43.56707744181784,41255.0,29.483795166015625,27.987838745117188,23.010406494140625,27.87904357910156,41.39999961853027
1970-11-27 18:07:11.003,20.006492614746094,79.93975830078125,151.96939849853516,77.95454406738281,82.5999984741211,61.23046875,99.94574737548828,22.47037696838379,43.36145645162951,41255.0,29.59259033203125,28.314224243164062,28.042236328125,24.75115966796875,41.39999961853027
1970-11-27 18:07:11.991,19.922088623046875,80.06024169921875,151.42415618896484,77.95454406738281,81.4000015258789,61.23046875,99.94574737548828,22.45720863342285,43.35604905048506,41255.0,31.27894592285156,29.9461669921875,24.96875,23.41839599609375,41.39999961853027
1970-11-27 18:07:12.994,19.92226219177246,80.06024169921875,152.099609375,78.03030395507812,81.69999694824219,61.23046875,99.94574737548828,22.452634811401367,42.032878209800415,41255.0,32.53009033203125,26.92706298828125,22.19442749023437,26.383087158203125,41.39999961853027
1970-11-27 18:07:13.993,19.92226219177246,80.06024169921875,152.099609375,78.03030395507812,81.69999694824219,61.23046875,99.94574737548828,22.452634811401367,42.032878209800415,41255.0,32.53009033203125,26.92706298828125,22.19442749023437,26.383087158203125,41.39999961853027
1970-11-27 18:07:14.992,19.980918884277344,79.93975830078125,150.57779693603516,78.03030395507812,81.9000015258789,61.23046875,99.94574737548828,22.436180114746094,43.15421292744887,41255.0,28.99423217773437,30.952545166015625,22.65682983398437,20.3992919921875,41.39999961853027
1970-11-27 18:07:15.994,20.050512313842773,80.0,151.3671875,77.95454406738281,82.0,61.23046875,99.94574737548828,22.419477462768555,43.06113367052112,41255.0,30.92535400390625,28.25982666015625,20.943267822265625,22.901611328125,41.39999961853027
1970-11-27 18:07:16.995,20.050512313842773,80.0,151.3671875,77.95454406738281,82.0,61.23046875,99.94574737548828,22.419477462768555,43.06113367052112,41255.0,30.92535400390625,28.25982666015625,20.943267822265625,22.901611328125,41.39999961853027
1970-11-27 18:07:18.003,20.10585021972656,80.06024169921875,151.0091094970703,77.95454406738281,81.5,61.23046875,99.94574737548828,22.41473960876465,41.19321350321063,41255.0,32.44850158691406,21.813644409179688,17.869781494140625,25.75750732421875,41.39999961853027
1970-11-27 18:07:18.992,20.03100776672364,80.0,152.001953125,78.03030395507812,82.4000015258789,61.23046875,99.94574737548828,22.4052677154541,40.79202147549369,41255.0,29.347808837890625,24.043975830078125,23.11920166015625,29.59259033203125,41.39999961853027
1970-11-27 18:07:19.992,20.03100776672364,80.0,152.001953125,78.03030395507812,82.4000015258789,61.23046875,99.94574737548828,22.4052677154541,40.79202147549369,41255.0,29.347808837890625,24.043975830078125,23.11920166015625,29.59259033203125,41.39999961853027
1970-11-27 18:07:20.991,20.00155067443848,80.0,151.95311737060547,78.03030395507812,82.5,61.23046875,99.94574737548828,22.400531768798828,39.618359496472294,41255.0,33.99884033203125,22.575225830078125,24.53355407714844,26.32870483398437,41.39999961853027
1970-11-27 18:07:22.005,20.02216148376465,80.0,151.65201568603516,78.03030395507812,82.0,61.23046875,99.94574737548828,22.39105796813965,41.84435667227029,41255.0,31.19735717773437,26.79107666015625,23.989578247070312,26.083892822265625,41.39999961853027
1970-11-27 18:07:22.992,20.02216148376465,80.0,151.65201568603516,78.03030395507812,82.0,61.23046875,99.94574737548828,22.39105796813965,41.84435667227029,41255.0,31.19735717773437,26.79107666015625,23.989578247070312,26.083892822265625,41.39999961853027
1970-11-27 18:07:24.004,20.08959197998047,80.06024169921875,152.86458587646484,77.95454406738281,82.80000305175781,61.23046875,99.94574737548828,22.3815860748291,40.21311716656229,41255.0,30.381378173828125,26.79107666015625,28.450225830078125,25.784713745117188,41.39999961853027
1970-11-27 18:07:24.993,20.15288543701172,80.0,150.96028900146484,77.95454406738281,80.80000305175781,61.23046875,99.94574737548828,22.376848220825195,43.841798098716666,41255.0,30.707763671875,27.498260498046875,27.552642822265625,19.637725830078125,41.39999961853027
1970-11-27 18:07:26.004,20.15288543701172,80.0,150.96028900146484,77.95454406738281,80.80000305175781,61.23046875,99.94574737548828,22.376848220825195,43.841798098716666,41255.0,30.707763671875,27.498260498046875,27.552642822265625,19.637725830078125,41.39999961853027
1970-11-27 18:07:26.991,20.088661193847656,80.0,150.60221099853516,78.03030395507812,81.69999694824219,61.23046875,99.94574737548828,22.364946365356445,41.69394765256102,41255.0,28.12384033203125,25.050338745117188,24.234375,22.19442749023437,41.39999961853027
1970-11-27 18:07:28.005,19.99154663085937,79.93975830078125,150.79752349853516,78.03030395507812,81.9000015258789,61.23046875,99.94574737548828,22.35049629211425,39.8444253438114,41255.0,29.32061767578125,27.09027099609375,21.541656494140625,23.3367919921875,41.39999961853027
1970-11-27 18:07:29.002,19.99154663085937,79.93975830078125,150.79752349853516,78.03030395507812,81.9000015258789,61.23046875,99.94574737548828,22.35049629211425,39.8444253438114,41255.0,29.32061767578125,27.09027099609375,21.541656494140625,23.3367919921875,41.39999961853027
1970-11-27 18:07:29.991,19.95792007446289,80.06024169921875,152.36002349853516,78.03030395507812,82.4000015258789,61.23046875,99.94574737548828,22.345678329467773,40.2412733050973,41255.0,28.967025756835938,26.546295166015625,23.445587158203125,28.450225830078125,41.39999961853027
1970-11-27 18:07:31.004,19.99072456359864,80.0,151.5380859375,77.95454406738281,82.0999984741211,61.23046875,99.94574737548828,22.336042404174805,42.70476047994745,41255.0,32.63890075683594,28.232635498046875,23.69038391113281,25.97509765625,41.39999961853027
1970-11-27 18:07:32.001,19.99072456359864,80.0,151.5380859375,77.95454406738281,82.0999984741211,61.23046875,99.94574737548828,22.336042404174805,42.70476047994745,41255.0,32.63890075683594,28.232635498046875,23.69038391113281,25.97509765625,41.39999961853027
1970-11-27 18:07:32.993,20.049076080322266,79.93975830078125,151.48925018310547,77.95454406738281,82.30000305175781,61.23046875,99.94574737548828,22.32640838623047,42.40823023187008,41255.0,30.435775756835938,27.307861328125,22.112838745117188,28.25982666015625,41.39999961853027
1970-11-27 18:07:33.992,20.04862594604492,80.0,151.91243743896484,78.03030395507812,82.0999984741211,61.23046875,99.94574737548828,22.321590423583984,41.16020001038887,41255.0,28.504638671875,24.751144409179688,22.493621826171875,29.59259033203125,41.39999961853027
1970-11-27 18:07:34.995,20.04862594604492,80.0,151.91243743896484,78.03030395507812,82.0999984741211,61.23046875,99.94574737548828,22.321590423583984,41.16020001038887,41255.0,28.504638671875,24.751144409179688,22.493621826171875,29.59259033203125,41.39999961853027
1970-11-27 18:07:36.004,19.917068481445312,80.06024169921875,152.42513275146484,78.03030395507812,82.5999984741211,61.23046875,99.94574737548828,22.311954498291016,40.801619282378944,41255.0,30.76216125488281,29.755767822265625,27.47105407714844,24.15277099609375,41.39999961853027
1970-11-27 18:07:36.994,19.861665725708008,80.0,152.2705078125,78.03030395507812,82.0999984741211,61.23046875,99.94574737548828,22.297420501708984,44.371068716123034,41255.0,29.782989501953125,28.20542907714844,24.234375,26.79107666015625,41.39999961853027
1970-11-27 18:07:38.003,19.861665725708008,80.0,152.2705078125,78.03030395507812,82.0999984741211,61.23046875,99.94574737548828,22.297420501708984,44.371068716123034,41255.0,29.782989501953125,28.20542907714844,24.234375,26.79107666015625,41.39999961853027
1970-11-27 18:07:38.994,19.876245498657227,79.93975830078125,150.9928436279297,77.95454406738281,81.80000305175781,61.23046875,99.94574737548828,22.280357360839844,42.43767103286988,41255.0,28.72222900390625,26.79107666015625,22.847213745117188,21.895248413085938,41.39999961853027
1970-11-27 18:07:39.993,19.93896484375,80.0,151.1637420654297,78.03030395507812,82.20000457763672,61.23046875,99.94574737548828,22.27296638488769,42.146802585863846,41255.0,32.63890075683594,25.811920166015625,26.95428466796875,20.58969116210937,41.39999961853027
1970-11-27 18:07:41.004,19.93896484375,80.0,151.1637420654297,78.03030395507812,82.20000457763672,61.23046875,99.94574737548828,22.27296638488769,42.146802585863846,41255.0,32.63890075683594,25.811920166015625,26.95428466796875,20.58969116210937,41.39999961853027
1970-11-27 18:07:42.001,20.000459671020508,80.06024169921875,150.4720001220703,78.03030395507812,81.5999984741211,61.23046875,99.94574737548828,22.26300621032715,41.861960341220644,41255.0,28.613433837890625,30.16375732421875,22.00404357910156,20.888885498046875,41.39999961853027
1970-11-27 18:07:42.991,19.95247459411621,80.0,151.35904693603516,78.03030395507812,81.4000015258789,61.23046875,99.94574737548828,22.2530460357666,41.68573335820067,41255.0,27.443878173828125,26.845474243164062,23.71759033203125,22.08563232421875,41.39999961853027
1970-11-27 18:07:43.990,19.95247459411621,80.0,151.35904693603516,78.03030395507812,81.4000015258789,61.23046875,99.94574737548828,22.2530460357666,41.68573335820067,41255.0,27.443878173828125,26.845474243164062,23.71759033203125,22.08563232421875,41.39999961853027
1970-11-27 18:07:44.994,19.903778076171875,79.93975830078125,151.32649993896484,78.03030395507812,81.80000305175781,61.23046875,99.94574737548828,22.246437072753903,41.27942911529622,41255.0,30.59896850585937,24.234375,21.56884765625,26.35589599609375,41.39999961853027
1970-11-27 18:07:45.995,19.96994400024414,80.06024169921875,151.1800079345703,78.03030395507812,82.4000015258789,61.23046875,99.94574737548828,22.223360061645508,42.03850152082111,41255.0,30.87095642089844,30.27255249023437,20.75288391113281,28.53182983398437,41.39999961853027
1970-11-27 18:07:47.005,19.96994400024414,80.06024169921875,151.1800079345703,78.03030395507812,82.4000015258789,61.23046875,99.94574737548828,22.223360061645508,42.03850152082111,41255.0,30.87095642089844,30.27255249023437,20.75288391113281,28.53182983398437,41.39999961853027
1970-11-27 18:07:47.994,20.04013061523437,80.06024169921875,150.9521484375,77.95454406738281,82.5,61.23046875,99.94574737548828,22.21307373046875,41.75070896942933,41255.0,33.91725158691406,27.8790283203125,23.11920166015625,25.32232666015625,41.39999961853027
1970-11-27 18:07:48.994,20.08493423461914,80.0,151.5706329345703,78.03030395507812,82.4000015258789,61.23046875,99.94574737548828,22.20792961120605,40.44054655664754,41255.0,33.29168701171875,24.42475891113281,25.73031616210937,26.981475830078125,41.39999961853027
1970-11-27 18:07:49.994,20.08493423461914,80.0,151.5706329345703,78.03030395507812,82.4000015258789,61.23046875,99.94574737548828,22.20792961120605,40.44054655664754,41255.0,33.29168701171875,24.42475891113281,25.73031616210937,26.981475830078125,41.39999961853027
1970-11-27 18:07:50.992,20.111736297607425,79.8795166015625,152.10774993896484,78.03030395507812,82.5999984741211,61.23046875,99.94574737548828,22.197643280029297,41.519222062410336,41255.0,32.12211608886719,27.52545166015625,29.102996826171875,22.493621826171875,41.39999961853027
1970-11-27 18:07:51.992,20.060041427612305,80.06024169921875,151.15560150146484,78.03030395507812,82.0,61.23046875,99.94574737548828,22.1816635131836,42.2613096460012,41255.0,32.12211608886719,27.22625732421875,23.5,22.901611328125,41.375
1970-11-27 18:07:53.001,20.060041427612305,80.06024169921875,151.15560150146484,78.03030395507812,82.0,61.23046875,99.94574737548828,22.1816635131836,42.2613096460012,41255.0,32.12211608886719,27.22625732421875,23.5,22.901611328125,41.375
1970-11-27 18:07:53.992,20.05113220214844,80.06024169921875,151.6438751220703,77.95454406738281,82.0999984741211,61.23046875,99.94574737548828,22.174829483032227,42.529101167288516,41255.0,28.85821533203125,24.53355407714844,28.151031494140625,20.86167907714844,41.375
1970-11-27 18:07:54.992,20.08169937133789,79.93975830078125,151.3916015625,78.03030395507812,81.5999984741211,61.23046875,99.94574737548828,22.161130905151367,42.164755711921266,41255.0,31.36053466796875,22.439224243164062,25.947906494140625,28.09663391113281,41.375
1970-11-27 18:07:55.992,20.08169937133789,79.93975830078125,151.3916015625,78.03030395507812,81.5999984741211,61.23046875,99.94574737548828,22.161130905151367,42.164755711921266,41255.0,31.36053466796875,22.439224243164062,25.947906494140625,28.09663391113281,41.375
1970-11-27 18:07:56.993,20.13758087158203,79.93975830078125,151.30208587646484,78.03030395507812,81.19999694824219,61.23046875,99.94574737548828,22.1465072631836,40.419226584246175,41255.0,27.63427734375,27.38946533203125,24.234375,25.73031616210937,41.39999961853027
1970-11-27 18:07:57.993,20.167940139770508,80.0,151.220703125,78.03030395507812,82.70000457763672,61.23046875,99.94574737548828,22.14120101928711,40.71985724349664,41255.0,33.9444580078125,25.97509765625,22.98321533203125,26.00230407714844,41.375
1970-11-27 18:07:59.004,20.167940139770508,80.0,151.220703125,78.03030395507812,82.70000457763672,61.23046875,99.94574737548828,22.14120101928711,40.71985724349664,41255.0,33.9444580078125,25.97509765625,22.98321533203125,26.00230407714844,41.375
1970-11-27 18:07:59.991,20.059425354003903,80.06024169921875,150.93587493896484,77.95454406738281,81.5999984741211,61.23046875,99.94574737548828,22.12896156311035,41.55237162681532,41255.0,29.782989501953125,29.2117919921875,22.65682983398437,26.546295166015625,41.375
1970-11-27 18:08:00.992,19.88570785522461,79.93975830078125,151.37532806396484,77.95454406738281,81.5,61.23046875,99.94574737548828,22.122827529907227,44.23320504308622,41255.0,33.101287841796875,23.363983154296875,21.7320556640625,24.75115966796875,41.375
1970-11-27 18:08:01.990,19.88570785522461,79.93975830078125,151.37532806396484,77.95454406738281,81.5,61.23046875,99.94574737548828,22.122827529907227,44.23320504308622,41255.0,33.101287841796875,23.363983154296875,21.7320556640625,24.75115966796875,41.375
1970-11-27 18:08:03.002,19.8319149017334,79.8795166015625,150.341796875,78.03030395507812,82.30000305175781,61.23046875,99.94574737548828,22.10725784301757,42.354417807511034,41255.0,28.776626586914062,25.02313232421875,17.815383911132812,26.165496826171875,41.375
1970-11-27 18:08:03.993,19.920625686645508,80.06024169921875,150.27669525146484,78.03030395507812,81.80000305175781,61.23046875,99.94574737548828,22.09648323059082,43.21559897914094,41255.0,32.99249267578125,28.66781616210937,23.66317749023437,23.227996826171875,41.375
1970-11-27 18:08:05.002,19.920625686645508,80.06024169921875,150.27669525146484,78.03030395507812,81.80000305175781,61.23046875,99.94574737548828,22.09648323059082,43.21559897914094,41255.0,32.99249267578125,28.66781616210937,23.66317749023437,23.227996826171875,41.375
1970-11-27 18:08:06.004,19.9853572845459,80.06024169921875,150.87890625,77.95454406738281,82.5,61.23046875,99.94574737548828,22.083789825439453,40.551066163533925,41255.0,33.29168701171875,26.981475830078125,26.111114501953125,24.832748413085938,41.375
1970-11-27 18:08:06.993,19.948471069335938,80.0,151.6438751220703,77.95454406738281,82.5,61.23046875,99.94574737548828,22.07283401489257,39.36603601732675,41255.0,30.84375,25.839111328125,27.0086669921875,24.832748413085938,41.375
1970-11-27 18:08:07.993,19.948471069335938,80.0,151.6438751220703,77.95454406738281,82.5,61.23046875,99.94574737548828,22.07283401489257,39.36603601732675,41255.0,30.84375,25.839111328125,27.0086669921875,24.832748413085938,41.375
1970-11-27 18:08:08.992,19.811582565307617,79.93975830078125,151.54622650146484,78.03030395507812,81.5,61.23046875,99.94574737548828,22.06189727783203,41.511368805643606,41255.0,32.12211608886719,22.847213745117188,26.111114501953125,24.88714599609375,41.375
1970-11-27 18:08:09.993,19.76868057250977,80.0,151.708984375,78.03030395507812,82.0999984741211,61.23046875,99.94574737548828,22.05235481262207,41.565396321784334,41255.0,28.28704833984375,24.343170166015625,23.880767822265625,28.80380249023437,41.375
1970-11-27 18:08:10.992,19.76868057250977,80.0,151.708984375,78.03030395507812,82.0999984741211,61.23046875,99.94574737548828,22.05235481262207,41.565396321784334,41255.0,28.28704833984375,24.343170166015625,23.880767822265625,28.80380249023437,41.375
1970-11-27 18:08:12.004,19.82178497314453,80.0,151.23697662353516,77.95454406738281,82.70000457763672,61.23046875,99.94574737548828,22.03558921813965,40.80079191141462,41255.0,29.647003173828125,29.3477783203125,24.53355407714844,28.042236328125,41.375
1970-11-27 18:08:12.994,19.92982292175293,79.93975830078125,151.39974212646484,77.95454406738281,82.4000015258789,61.23046875,99.94574737548828,22.01787567138672,40.28981190198036,41255.0,31.60533142089844,27.82464599609375,23.010406494140625,27.19906616210937,41.375
1970-11-27 18:08:13.995,19.92982292175293,79.93975830078125,151.39974212646484,77.95454406738281,82.4000015258789,61.23046875,99.94574737548828,22.01787567138672,40.28981190198036,41255.0,31.60533142089844,27.82464599609375,23.010406494140625,27.19906616210937,41.375
1970-11-27 18:08:14.991,20.043062210083008,80.0,151.10677337646484,78.03030395507812,81.9000015258789,61.23046875,99.94574737548828,22.01386260986328,42.061232714557974,41255.0,35.522003173828125,30.13656616210937,24.179962158203125,25.02313232421875,41.375
1970-11-27 18:08:15.991,20.055307388305664,80.0,150.8544921875,78.03030395507812,81.5999984741211,61.23046875,99.94574737548828,21.99769592285156,42.660943377008145,41255.0,32.69329833984375,27.307861328125,22.112838745117188,25.784713745117188,41.375
1970-11-27 18:08:17.004,20.055307388305664,80.0,150.8544921875,78.03030395507812,81.5999984741211,61.23046875,99.94574737548828,21.99769592285156,42.660943377008145,41255.0,32.69329833984375,27.307861328125,22.112838745117188,25.784713745117188,41.375
1970-11-27 18:08:17.993,20.04692268371582,79.93975830078125,149.66634368896484,78.03030395507812,81.9000015258789,61.23046875,99.94574737548828,21.98223876953125,41.56134855881734,41255.0,33.645263671875,26.70947265625,21.405670166015625,24.6695556640625,41.375
1970-11-27 18:08:18.993,20.09027671813965,80.0,151.2125701904297,78.03030395507812,82.5,61.23046875,99.94574737548828,21.962581634521484,40.81091761193367,41255.0,31.19735717773437,23.77197265625,23.06480407714844,24.343170166015625,41.375
1970-11-27 18:08:19.991,20.09027671813965,80.0,151.2125701904297,78.03030395507812,82.5,61.23046875,99.94574737548828,21.962581634521484,40.81091761193367,41255.0,31.19735717773437,23.77197265625,23.06480407714844,24.343170166015625,41.375
1970-11-27 18:08:20.994,20.2047061920166,80.06024169921875,151.44042205810547,78.03030395507812,82.0,61.23046875,99.94574737548828,21.95188331604004,41.99423652316582,41255.0,32.149322509765625,27.715850830078125,27.552642822265625,28.20542907714844,41.375
1970-11-27 18:08:22.990,20.331186294555664,79.93975830078125,151.42415618896484,78.03030395507812,81.9000015258789,61.23046875,99.94574737548828,21.932729721069336,43.1540212828174,41255.0,29.59259033203125,28.151031494140625,25.62152099609375,25.648712158203125,41.375
1970-11-27 18:08:22.000,20.331186294555664,79.93975830078125,151.42415618896484,78.03030395507812,81.9000015258789,61.23046875,99.94574737548828,21.932729721069336,43.1540212828174,41255.0,29.59259033203125,28.151031494140625,25.62152099609375,25.648712158203125,41.375
1970-11-27 18:08:23.993,20.36393165588379,79.93975830078125,151.7659454345703,78.03030395507812,82.4000015258789,61.23046875,99.94574737548828,21.919979095458984,39.85259893982756,41255.0,33.672454833984375,26.682281494140625,27.68865966796875,27.96063232421875,41.375
1970-11-27 18:08:24.990,20.236217498779297,80.0,151.63573455810547,77.95454406738281,82.5,61.23046875,99.94574737548828,21.909135818481445,40.73295059213321,41255.0,28.776626586914062,27.770233154296875,25.89350891113281,27.87904357910156,41.375
1970-11-27 18:08:26.001,20.236217498779297,80.0,151.63573455810547,77.95454406738281,82.5,61.23046875,99.94574737548828,21.909135818481445,40.73295059213321,41255.0,28.776626586914062,27.770233154296875,25.89350891113281,27.87904357910156,41.375
1970-11-27 18:08:26.994,20.16323471069336,80.0,150.71614837646484,78.03030395507812,82.0999984741211,61.23046875,99.94574737548828,21.898706436157227,41.6660032378103,41255.0,30.54457092285156,29.701385498046875,24.28875732421875,22.92880249023437,41.375
1970-11-27 18:08:27.991,20.152223587036133,79.93975830078125,150.6022186279297,78.03030395507812,82.5,61.23046875,99.94574737548828,21.88346099853516,41.33450399121902,41255.0,29.511001586914062,30.435760498046875,20.9976806640625,23.5,41.375
1970-11-27 18:08:29.002,20.152223587036133,79.93975830078125,150.6022186279297,78.03030395507812,82.5,61.23046875,99.94574737548828,21.88346099853516,41.33450399121902,41255.0,29.511001586914062,30.435760498046875,20.9976806640625,23.5,41.375
1970-11-27 18:08:29.992,20.179990768432617,79.93975830078125,150.2685546875,78.03030395507812,82.0999984741211,61.23046875,99.94574737548828,21.877422332763672,41.584403854509496,41255.0,31.686920166015625,26.328689575195312,21.1336669921875,24.043975830078125,41.375
1970-11-27 18:08:30.991,20.18196678161621,80.0,150.33365631103516,77.95454406738281,81.0,61.23046875,99.94574737548828,21.85796165466309,41.84444923492815,41255.0,33.2100830078125,26.763885498046875,24.58795166015625,21.81365966796875,41.375
1970-11-27 18:08:32.003,20.18196678161621,80.0,150.33365631103516,77.95454406738281,81.0,61.23046875,99.94574737548828,21.85796165466309,41.84444923492815,41255.0,33.2100830078125,26.763885498046875,24.58795166015625,21.81365966796875,41.375
1970-11-27 18:08:32.994,20.05663681030273,80.0,150.9114532470703,77.95454406738281,82.30000305175781,61.23046875,99.94574737548828,21.84572029113769,38.91614798562193,41255.0,35.79399108886719,24.8055419921875,20.34490966796875,25.59432983398437,41.375
1970-11-27 18:08:33.991,19.88558387756348,80.0,150.93587493896484,78.03030395507812,82.30000305175781,61.23046875,99.94574737548828,21.838790893554688,41.68133633832234,41255.0,33.536468505859375,21.813644409179688,26.35589599609375,25.86630249023437,41.375
1970-11-27 18:08:34.994,19.88558387756348,80.0,150.93587493896484,78.03030395507812,82.30000305175781,61.23046875,99.94574737548828,21.838790893554688,41.68133633832234,41255.0,33.536468505859375,21.813644409179688,26.35589599609375,25.86630249023437,41.375
1970-11-27 18:08:35.994,19.776826858520508,80.0,150.56151580810547,77.95454406738281,82.80000305175781,61.23046875,99.94574737548828,21.82080078125,41.76885503975261,41255.0,29.184616088867188,28.015045166015625,26.70947265625,28.80380249023437,41.375
1970-11-27 18:08:36.994,19.73845672607422,79.93975830078125,151.51367950439453,78.03030395507812,82.0,61.23046875,99.94574737548828,21.80191421508789,44.068477043737936,41255.0,31.0069580078125,29.102996826171875,26.192703247070312,27.770248413085938,41.375
1970-11-27 18:08:37.994,19.73845672607422,79.93975830078125,151.51367950439453,78.03030395507812,82.0,61.23046875,99.94574737548828,21.80191421508789,44.068477043737936,41255.0,31.0069580078125,29.102996826171875,26.192703247070312,27.770248413085938,41.375
1970-11-27 18:08:38.993,19.76791954040528,80.0,151.05794525146484,78.03030395507812,81.80000305175781,61.23046875,99.94574737548828,21.78916931152344,43.054074923946466,41255.0,28.504638671875,23.635986328125,23.41839599609375,24.8055419921875,41.375
1970-11-27 18:08:39.992,19.78744125366211,80.06024169921875,150.8544921875,78.03030395507812,83.0,61.23046875,99.94574737548828,21.77402305603028,40.0324234325572,41255.0,32.6116943359375,25.784713745117188,25.077545166015625,23.77197265625,41.375
1970-11-27 18:08:40.991,19.78744125366211,80.06024169921875,150.8544921875,78.03030395507812,83.0,61.23046875,99.94574737548828,21.77402305603028,40.0324234325572,41255.0,32.6116943359375,25.784713745117188,25.077545166015625,23.77197265625,41.375
1970-11-27 18:08:41.991,19.70427894592285,80.0,150.42317962646484,77.95454406738281,81.4000015258789,61.23046875,99.94574737548828,21.76129531860352,43.53340886213416,41255.0,33.645263671875,26.899871826171875,19.28413391113281,25.67591857910156,41.375
1970-11-27 18:08:42.994,19.68411064147949,79.93975830078125,150.1057891845703,78.03030395507812,82.0,61.23046875,99.94574737548828,21.75493049621582,43.10893104872675,41255.0,35.358795166015625,31.14292907714844,22.439239501953125,24.96875,41.375
1970-11-27 18:08:43.990,19.68411064147949,79.93975830078125,150.1057891845703,78.03030395507812,82.0,61.23046875,99.94574737548828,21.75493049621582,43.10893104872675,41255.0,35.358795166015625,31.14292907714844,22.439239501953125,24.96875,41.375
1970-11-27 18:08:44.994,19.740190505981445,80.0,150.20345306396484,78.03030395507812,81.0999984741211,61.23046875,99.94574737548828,21.742202758789062,43.566338230328,41255.0,31.904525756835938,21.759246826171875,24.45196533203125,24.642364501953125,41.375
1970-11-27 18:08:46.004,19.90679359436035,80.0,150.20345306396484,78.03030395507812,81.9000015258789,61.23046875,99.94574737548828,21.729475021362305,40.6979075094475,41255.0,29.565399169921875,24.343170166015625,20.45370483398437,25.48553466796875,41.375
1970-11-27 18:08:47.002,19.90679359436035,80.0,150.20345306396484,78.03030395507812,81.9000015258789,61.23046875,99.94574737548828,21.729475021362305,40.6979075094475,41255.0,29.565399169921875,24.343170166015625,20.45370483398437,25.48553466796875,41.375
1970-11-27 18:08:47.991,20.056123733520508,80.0,150.96028900146484,78.03030395507812,82.80000305175781,61.23046875,99.94574737548828,21.72311019897461,39.97143502468097,41255.0,29.72860717773437,26.029510498046875,25.376739501953125,27.6070556640625,41.375
1970-11-27 18:08:48.993,20.099767684936523,80.06024169921875,151.43228912353516,77.95454406738281,81.5999984741211,61.23046875,99.94574737548828,21.707937240600582,42.23212217193153,41255.0,30.73495483398437,24.8055419921875,26.95428466796875,23.581588745117188,41.375
1970-11-27 18:08:49.991,20.099767684936523,80.06024169921875,151.43228912353516,77.95454406738281,81.5999984741211,61.23046875,99.94574737548828,21.707937240600582,42.23212217193153,41255.0,30.73495483398437,24.8055419921875,26.95428466796875,23.581588745117188,41.375
1970-11-27 18:08:50.994,20.10456085205078,79.93975830078125,150.87891387939453,77.95454406738281,82.0999984741211,61.23046875,99.94574737548828,21.682918548583984,40.840621768441586,41255.0,32.502899169921875,28.99420166015625,27.6070556640625,26.60067749023437,41.375
1970-11-27 18:08:51.994,20.139617919921875,79.93975830078125,150.2034454345703,77.95454406738281,81.80000305175781,61.23046875,99.94574737548828,21.675573348999023,42.19693416775895,41255.0,29.483795166015625,25.97509765625,27.307861328125,22.30322265625,41.375
1970-11-27 18:08:53.001,20.139617919921875,79.93975830078125,150.2034454345703,77.95454406738281,81.80000305175781,61.23046875,99.94574737548828,21.675573348999023,42.19693416775895,41255.0,29.483795166015625,25.97509765625,27.307861328125,22.30322265625,41.375
1970-11-27 18:08:54.002,20.182296752929688,80.06024169921875,150.29296875,78.03030395507812,82.0999984741211,61.23046875,99.94574737548828,21.654296875,39.57037712440093,41255.0,28.8038330078125,26.573486328125,22.276031494140625,22.08563232421875,41.375
1970-11-27 18:08:54.991,20.259557723999023,80.0,150.05696868896484,78.03030395507812,81.80000305175781,61.23046875,99.94574737548828,21.63533973693848,40.442453442401664,41255.0,30.517364501953125,26.219894409179688,24.479156494140625,22.38482666015625,41.375
1970-11-27 18:08:55.993,20.25263404846192,79.8795166015625,150.74056243896484,78.03030395507812,81.80000305175781,61.23046875,99.94574737548828,21.62864875793457,40.56126883120539,41255.0,27.52548217773437,28.91259765625,24.01678466796875,23.9351806640625,41.375
1970-11-27 18:08:56.991,20.25263404846192,79.8795166015625,150.74056243896484,78.03030395507812,81.80000305175781,61.23046875,99.94574737548828,21.62864875793457,40.56126883120539,41255.0,27.52548217773437,28.91259765625,24.01678466796875,23.9351806640625,41.375
1970-11-27 18:08:58.003,20.10993766784668,80.0,151.30208587646484,77.95454406738281,81.80000305175781,61.23046875,99.94574737548828,21.621959686279297,40.18222074304501,41255.0,33.18287658691406,29.157394409179688,20.9976806640625,26.083892822265625,41.375
1970-11-27 18:08:58.994,19.97935485839844,80.06024169921875,150.537109375,78.03030395507812,82.30000305175781,61.23046875,99.94574737548828,21.60858154296875,41.04576553021421,41255.0,34.32524108886719,28.06942749023437,23.55438232421875,25.947906494140625,41.375
1970-11-27 18:09:00.001,19.97935485839844,80.06024169921875,150.537109375,78.03030395507812,82.30000305175781,61.23046875,99.94574737548828,21.60858154296875,41.04576553021421,41255.0,34.32524108886719,28.06942749023437,23.55438232421875,25.947906494140625,41.375
1970-11-27 18:09:01.004,19.92600440979004,80.0,150.96842193603516,78.03030395507812,81.80000305175781,61.23046875,99.94574737548828,21.59520149230957,40.0064471356035,41255.0,32.25811767578125,28.885406494140625,19.583328247070312,30.02777099609375,41.375
1970-11-27 18:09:02.006,19.92600440979004,80.0,150.96842193603516,78.03030395507812,81.80000305175781,61.23046875,99.94574737548828,21.59520149230957,40.0064471356035,41255.0,32.25811767578125,28.885406494140625,19.583328247070312,30.02777099609375,41.375
1970-11-27 18:09:02.990,19.965085983276367,79.93975830078125,150.0651092529297,78.03030395507812,82.80000305175781,61.23046875,99.94574737548828,21.588512420654297,40.322601721239785,41255.0,33.046875,24.50634765625,27.19906616210937,26.383087158203125,41.375
1970-11-27 18:09:03.992,20.006078720092773,80.0,150.32552337646484,78.03030395507812,81.5999984741211,61.23046875,99.94574737548828,21.573505401611328,41.76922468957084,41255.0,31.52374267578125,26.981475830078125,23.146392822265625,25.18634033203125,41.375
1970-11-27 18:09:04.992,19.901750564575195,80.0,150.48014068603516,78.03030395507812,82.0,61.23046875,99.94574737548828,21.560108184814453,42.77424882231582,41255.0,31.550933837890625,23.608795166015625,21.024871826171875,28.06942749023437,41.375
1970-11-27 18:09:06.012,19.901750564575195,80.0,150.48014068603516,78.03030395507812,82.0,61.23046875,99.94574737548828,21.560108184814453,42.77424882231582,41255.0,31.550933837890625,23.608795166015625,21.024871826171875,28.06942749023437,41.375
1970-11-27 18:09:06.992,19.77359390258789,80.0,149.84537506103516,77.95454406738281,81.5999984741211,61.23046875,99.94574737548828,21.54769897460937,41.438756299038744,41255.0,31.49653625488281,28.12384033203125,23.55438232421875,25.104736328125,41.375
1970-11-27 18:09:07.991,19.755828857421875,80.0,150.71614837646484,77.95454406738281,82.0,61.23046875,99.94574737548828,21.534156799316406,41.05212621590184,41255.0,31.414947509765625,28.6134033203125,24.479156494140625,25.811920166015625,41.375
1970-11-27 18:09:09.001,19.755828857421875,80.0,150.71614837646484,77.95454406738281,82.0,61.23046875,99.94574737548828,21.534156799316406,41.05212621590184,41255.0,31.414947509765625,28.6134033203125,24.479156494140625,25.811920166015625,41.375
1970-11-27 18:09:10.991,19.941967010498047,80.0,150.72428131103516,78.03030395507812,81.69999694824219,61.23046875,99.94574737548828,21.502336502075195,41.31640261324985,41255.0,34.46124267578125,27.688644409179688,26.05670166015625,26.4375,41.375
1970-11-27 18:09:10.000,19.82501983642578,80.0,150.90332794189453,78.03030395507812,82.0,61.23046875,99.94574737548828,21.51326370239257,40.901391473174,41255.0,32.74769592285156,28.39581298828125,24.696746826171875,24.26156616210937,41.375
1970-11-27 18:09:11.993,19.941967010498047,80.0,150.72428131103516,78.03030395507812,81.69999694824219,61.23046875,99.94574737548828,21.502336502075195,41.31640261324985,41255.0,34.46124267578125,27.688644409179688,26.05670166015625,26.4375,41.375
1970-11-27 18:09:12.990,20.03424072265625,79.93975830078125,150.43946075439453,77.95454406738281,81.5,61.23046875,99.94574737548828,21.480300903320312,43.025336281116616,41255.0,29.07582092285156,24.751144409179688,23.28240966796875,24.75115966796875,41.375
1970-11-27 18:09:13.992,20.03993225097656,80.0,149.9267578125,78.03030395507812,82.5999984741211,61.23046875,99.94574737548828,21.4638671875,40.5059593424993,41255.0,31.65972900390625,26.247100830078125,25.67591857910156,24.85995483398437,41.375
1970-11-27 18:09:14.991,20.03993225097656,80.0,149.9267578125,78.03030395507812,82.5999984741211,61.23046875,99.94574737548828,21.4638671875,40.5059593424993,41255.0,31.65972900390625,26.247100830078125,25.67591857910156,24.85995483398437,41.375
1970-11-27 18:09:15.992,20.026874542236328,80.0,150.11392974853516,78.03030395507812,81.19999694824219,61.23046875,99.94574737548828,21.45685195922852,42.46370195764701,41255.0,29.565399169921875,24.58795166015625,25.4039306640625,23.2008056640625,41.375
1970-11-27 18:09:17.003,20.019210815429688,80.06024169921875,149.35709381103516,78.03030395507812,81.69999694824219,61.23046875,99.94574737548828,21.43874168395996,43.32935035545538,41255.0,32.067718505859375,25.75750732421875,20.83447265625,24.560760498046875,41.375
1970-11-27 18:09:18.004,20.019210815429688,80.06024169921875,149.35709381103516,78.03030395507812,81.69999694824219,61.23046875,99.94574737548828,21.43874168395996,43.32935035545538,41255.0,32.067718505859375,25.75750732421875,20.83447265625,24.560760498046875,41.375
1970-11-27 18:09:18.990,20.08227157592773,80.0,149.57682037353516,78.03030395507812,81.19999694824219,61.23046875,99.94574737548828,21.4205265045166,40.373002995376346,41255.0,28.015045166015625,26.2742919921875,22.33042907714844,21.21527099609375,41.375
1970-11-27 18:09:19.994,20.1525993347168,79.93975830078125,150.1220703125,78.03030395507812,82.4000015258789,61.23046875,99.94574737548828,21.406932830810547,38.98363374695218,41255.0,29.75579833984375,29.0758056640625,24.315963745117188,24.043975830078125,41.375
1970-11-27 18:09:21.004,20.1525993347168,79.93975830078125,150.1220703125,78.03030395507812,82.4000015258789,61.23046875,99.94574737548828,21.406932830810547,38.98363374695218,41255.0,29.75579833984375,29.0758056640625,24.315963745117188,24.043975830078125,41.375
1970-11-27 18:09:21.995,20.163589477539062,80.06024169921875,150.1708984375,78.03030395507812,82.4000015258789,61.23046875,99.94574737548828,21.392576217651367,41.36374259236697,41255.0,30.00057983398437,30.218170166015625,23.826385498046875,27.171875,41.375
1970-11-27 18:09:22.991,20.04142951965332,80.06024169921875,149.89420318603516,78.03030395507812,82.9000015258789,61.23046875,99.94574737548828,21.368391036987305,38.94068473690316,41255.0,33.29168701171875,29.72857666015625,24.696746826171875,24.42475891113281,41.375
1970-11-27 18:09:23.994,20.04142951965332,80.06024169921875,149.89420318603516,78.03030395507812,82.9000015258789,61.23046875,99.94574737548828,21.368391036987305,38.94068473690316,41255.0,33.29168701171875,29.72857666015625,24.696746826171875,24.42475891113281,41.375
1970-11-27 18:09:24.992,19.947866439819336,79.8795166015625,150.03255462646484,77.95454406738281,81.80000305175781,61.23046875,99.94574737548828,21.360294342041016,42.10064180779767,41255.0,34.21644592285156,28.09663391113281,19.420135498046875,27.14466857910156,41.375
1970-11-27 18:09:25.994,19.9811954498291,80.0,151.10677337646484,77.95454406738281,82.4000015258789,61.23046875,99.94574737548828,21.336715698242188,42.7293045247373,41255.0,33.59086608886719,26.35589599609375,25.784713745117188,25.24072265625,41.375
1970-11-27 18:09:26.994,19.9811954498291,80.0,151.10677337646484,77.95454406738281,82.4000015258789,61.23046875,99.94574737548828,21.336715698242188,42.7293045247373,41255.0,33.59086608886719,26.35589599609375,25.784713745117188,25.24072265625,41.375
1970-11-27 18:09:28.003,20.071895599365234,80.06024169921875,150.52896881103516,78.03030395507812,81.4000015258789,61.23046875,99.94574737548828,21.31215476989746,42.5315467716208,41255.0,32.203704833984375,26.1383056640625,23.962371826171875,19.039337158203125,41.375
1970-11-27 18:09:28.995,20.10075759887696,80.0,149.97557830810547,78.03030395507812,81.30000305175781,61.23046875,99.94574737548828,21.303834915161133,43.07813135462384,41255.0,34.189239501953125,25.295135498046875,23.77197265625,20.53529357910156,41.375
1970-11-27 18:09:29.994,20.10075759887696,80.0,149.97557830810547,78.03030395507812,81.30000305175781,61.23046875,99.94574737548828,21.303834915161133,43.07813135462384,41255.0,34.189239501953125,25.295135498046875,23.77197265625,20.53529357910156,41.375
1970-11-27 18:09:30.994,19.988176345825195,79.93975830078125,149.8942108154297,78.03030395507812,81.0,61.23046875,99.94574737548828,21.2822322845459,41.93515463100029,41255.0,28.450241088867188,22.7384033203125,26.247100830078125,22.167236328125,41.375
1970-11-27 18:09:31.994,19.92647933959961,80.0,150.55338287353516,77.95454406738281,82.4000015258789,61.23046875,99.94574737548828,21.259695053100582,38.85971906002883,41255.0,31.19735717773437,28.4774169921875,25.839111328125,25.295135498046875,41.375
1970-11-27 18:09:33.003,19.92647933959961,80.0,150.55338287353516,77.95454406738281,82.4000015258789,61.23046875,99.94574737548828,21.259695053100582,38.85971906002883,41255.0,31.19735717773437,28.4774169921875,25.839111328125,25.295135498046875,41.375
1970-11-27 18:09:33.992,19.915382385253903,80.0,149.8046875,78.03030395507812,82.30000305175781,61.23046875,99.94574737548828,21.247947692871094,40.84945030338856,41255.0,31.27894592285156,24.39755249023437,27.06307983398437,24.50634765625,41.375
1970-11-27 18:09:34.993,19.99864196777344,80.0,150.19532012939453,78.03030395507812,81.4000015258789,61.23046875,99.94574737548828,21.221899032592773,39.70509300481981,41255.0,28.8038330078125,27.19906616210937,23.3367919921875,27.87904357910156,41.375
1970-11-27 18:09:36.994,20.07508850097656,80.0,149.5849609375,78.03030395507812,81.0,61.23046875,99.94574737548828,21.198863983154297,41.26883986589048,41255.0,32.96528625488281,29.510986328125,18.9305419921875,27.307861328125,41.375
1970-11-27 18:09:36.000,19.99864196777344,80.0,150.19532012939453,78.03030395507812,81.4000015258789,61.23046875,99.94574737548828,21.221899032592773,39.70509300481981,41255.0,28.8038330078125,27.19906616210937,23.3367919921875,27.87904357910156,41.375
1970-11-27 18:09:37.991,20.031156539916992,80.0,149.35709381103516,77.95454406738281,81.80000305175781,61.23046875,99.94574737548828,21.19258117675781,41.87681076966072,41255.0,30.46298217773437,25.6759033203125,18.63134765625,28.450225830078125,41.375
1970-11-27 18:09:38.994,20.031156539916992,80.0,149.35709381103516,77.95454406738281,81.80000305175781,61.23046875,99.94574737548828,21.19258117675781,41.87681076966072,41255.0,30.46298217773437,25.6759033203125,18.63134765625,28.450225830078125,41.375
1970-11-27 18:09:40.001,19.923385620117188,79.93975830078125,149.2594451904297,77.95454406738281,81.69999694824219,61.23046875,99.94574737548828,21.17515182495117,42.469141337322,41255.0,32.44850158691406,23.880767822265625,27.0086669921875,25.92071533203125,41.375
1970-11-27 18:09:40.992,19.89655303955078,80.0,149.32454681396484,78.03030395507812,82.20000457763672,61.23046875,99.94574737548828,21.15690040588379,42.01086360919076,41255.0,32.584503173828125,24.28875732421875,23.826385498046875,26.192703247070312,41.375
1970-11-27 18:09:41.994,19.89655303955078,80.0,149.32454681396484,78.03030395507812,82.20000457763672,61.23046875,99.94574737548828,21.15690040588379,42.01086360919076,41255.0,32.584503173828125,24.28875732421875,23.826385498046875,26.192703247070312,41.375
1970-11-27 18:09:42.994,19.934032440185547,80.06024169921875,150.09765625,78.03030395507812,81.4000015258789,61.23046875,99.94574737548828,21.144079208374023,41.8591127657046,41256.0,32.55731201171875,29.0758056640625,26.46469116210937,26.2742919921875,41.375
1970-11-27 18:09:43.991,20.056814193725582,79.93975830078125,149.3896484375,78.03030395507812,81.5999984741211,61.23046875,99.94574737548828,21.121564865112305,42.53717833223513,41256.0,27.3350830078125,26.49188232421875,27.93344116210937,25.376739501953125,41.375
1970-11-27 18:09:44.995,20.056814193725582,79.93975830078125,149.3896484375,78.03030395507812,81.5999984741211,61.23046875,99.94574737548828,21.121564865112305,42.53717833223513,41256.0,27.3350830078125,26.49188232421875,27.93344116210937,25.376739501953125,41.375
1970-11-27 18:09:45.993,20.11177444458008,79.93975830078125,150.21158599853516,77.95454406738281,82.30000305175781,61.23046875,99.94574737548828,21.089982986450195,41.08318644598885,41256.0,25.539947509765625,26.981475830078125,27.33505249023437,25.458328247070312,41.375
1970-11-27 18:09:46.991,20.090059280395508,80.06024169921875,149.8779296875,78.03030395507812,82.0999984741211,61.23046875,99.94574737548828,21.07686233520508,41.38819594878067,41256.0,32.4757080078125,24.88714599609375,23.79917907714844,21.541656494140625,41.375
1970-11-27 18:09:48.993,20.02410125732422,80.0,149.69889068603516,78.03030395507812,81.80000305175781,61.23046875,99.94574737548828,21.057817459106445,41.46177501782177,41256.0,28.504638671875,26.05670166015625,21.46005249023437,25.26792907714844,41.375
1970-11-27 18:09:48.000,20.090059280395508,80.06024169921875,149.8779296875,78.03030395507812,82.0999984741211,61.23046875,99.94574737548828,21.07686233520508,41.38819594878067,41256.0,32.4757080078125,24.88714599609375,23.79917907714844,21.541656494140625,41.375
1970-11-27 18:09:49.994,19.99636650085449,79.8795166015625,150.09765625,78.03030395507812,82.4000015258789,61.23046875,99.94574737548828,21.033849716186523,39.13450271870415,41256.0,32.74769592285156,26.029510498046875,19.39292907714844,27.33505249023437,41.375
1970-11-27 18:09:51.000,19.99636650085449,79.8795166015625,150.09765625,78.03030395507812,82.4000015258789,61.23046875,99.94574737548828,21.033849716186523,39.13450271870415,41256.0,32.74769592285156,26.029510498046875,19.39292907714844,27.33505249023437,41.375
1970-11-27 18:09:52.004,20.018672943115234,80.0,149.8616485595703,78.03030395507812,81.9000015258789,61.23046875,99.94574737548828,21.02220344543457,42.93469946786971,41256.0,34.134857177734375,29.375,22.357635498046875,24.642364501953125,41.375
1970-11-27 18:09:52.992,20.098953247070312,80.06024169921875,148.32357025146484,78.03030395507812,81.30000305175781,61.23046875,99.94574737548828,21.00859832763672,44.09399495522717,41256.0,32.39410400390625,27.66143798828125,21.976837158203125,24.01678466796875,41.375
1970-11-27 18:09:54.003,20.098953247070312,80.06024169921875,148.32357025146484,78.03030395507812,81.30000305175781,61.23046875,99.94574737548828,21.00859832763672,44.09399495522717,41256.0,32.39410400390625,27.66143798828125,21.976837158203125,24.01678466796875,41.375
1970-11-27 18:09:55.995,19.93765449523925,79.8795166015625,149.78841400146484,78.03030395507812,82.0999984741211,61.23046875,99.94574737548828,20.96513938903809,41.39128952796945,41256.0,31.06134033203125,24.72393798828125,28.55902099609375,24.12557983398437,41.375
1970-11-27 18:09:55.000,20.04407501220703,80.0,149.6826171875,78.03030395507812,81.69999694824219,61.23046875,99.94574737548828,20.97212028503418,41.28751146174831,41256.0,35.57640075683594,23.282394409179688,25.73031616210937,22.30322265625,41.375
1970-11-27 18:09:57.003,19.93765449523925,79.8795166015625,149.78841400146484,78.03030395507812,82.0999984741211,61.23046875,99.94574737548828,20.96513938903809,41.39128952796945,41256.0,31.06134033203125,24.72393798828125,28.55902099609375,24.12557983398437,41.375
1970-11-27 18:09:57.991,19.87272071838379,80.0,149.8209686279297,78.03030395507812,81.9000015258789,61.23046875,99.94574737548828,20.94382667541504,40.19003047212941,41256.0,29.647003173828125,27.498260498046875,24.12557983398437,23.227996826171875,41.375
1970-11-27 18:09:58.994,19.855323791503903,80.06024169921875,149.76399993896484,78.03030395507812,82.70000457763672,61.23046875,99.94574737548828,20.92654037475586,41.83697463992958,41256.0,32.33970642089844,26.219894409179688,28.09663391113281,26.41029357910156,41.375
